[INFO] Scanning for projects...
[INFO] 
[INFO] ---------------------< com.rahimi:expensetracker >----------------------
[INFO] Building expensetracker 0.0.1-SNAPSHOT
[INFO]   from pom.xml
[INFO] --------------------------------[ jar ]---------------------------------
[INFO] 
[INFO] >>> spring-boot:3.2.5:run (default-cli) > test-compile @ expensetracker >>>
[INFO] 
[INFO] --- resources:3.3.1:resources (default-resources) @ expensetracker ---
[INFO] Copying 1 resource from src\main\resources to target\classes
[INFO] Copying 0 resource from src\main\resources to target\classes
[INFO] 
[INFO] --- compiler:3.11.0:compile (default-compile) @ expensetracker ---
[INFO] Nothing to compile - all classes are up to date
[INFO] 
[INFO] --- resources:3.3.1:testResources (default-testResources) @ expensetracker ---
[INFO] skip non existing resourceDirectory C:\Users\Rahimilocalacc\OneDrive\Documents\Portfolio\spendly-fixed\backend\src\test\resources
[INFO] 
[INFO] --- compiler:3.11.0:testCompile (default-testCompile) @ expensetracker ---
[INFO] Nothing to compile - all classes are up to date
[INFO] 
[INFO] <<< spring-boot:3.2.5:run (default-cli) < test-compile @ expensetracker <<<
[INFO] 
[INFO] 
[INFO] --- spring-boot:3.2.5:run (default-cli) @ expensetracker ---
[INFO] Attaching agents: []

  .   ____          _            __ _ _
 /\\ / ___'_ __ _ _(_)_ __  __ _ \ \ \ \
( ( )\___ | '_ | '_| | '_ \/ _` | \ \ \ \
 \\/  ___)| |_)| | | | | || (_| |  ) ) ) )
  '  |____| .__|_| |_|_| |_\__, | / / / /
 =========|_|==============|___/=/_/_/_/
 :: Spring Boot ::                (v3.2.5)

2026-05-01T22:48:06.348+08:00  INFO 23860 --- [  restartedMain] c.r.e.ExpensetrackerApplication          : Starting ExpensetrackerApplication using Java 17.0.18 with PID 23860 (C:\Users\Rahimilocalacc\OneDrive\Documents\Portfolio\spendly-fixed\backend\target\classes started by Rahimilocalacc in C:\Users\Rahimilocalacc\OneDrive\Documents\Portfolio\spendly-fixed\backend)
2026-05-01T22:48:06.353+08:00  INFO 23860 --- [  restartedMain] c.r.e.ExpensetrackerApplication          : No active profile set, falling back to 1 default profile: "default"
2026-05-01T22:48:06.462+08:00  INFO 23860 --- [  restartedMain] .e.DevToolsPropertyDefaultsPostProcessor : Devtools property defaults active! Set 'spring.devtools.add-properties' to 'false' to disable
2026-05-01T22:48:06.463+08:00  INFO 23860 --- [  restartedMain] .e.DevToolsPropertyDefaultsPostProcessor : For additional web related logging consider setting the 'logging.level.web' property to 'DEBUG'
2026-05-01T22:48:07.944+08:00  INFO 23860 --- [  restartedMain] .s.d.r.c.RepositoryConfigurationDelegate : Bootstrapping Spring Data JPA repositories in DEFAULT mode.
2026-05-01T22:48:08.094+08:00  INFO 23860 --- [  restartedMain] .s.d.r.c.RepositoryConfigurationDelegate : Finished Spring Data repository scanning in 133 ms. Found 3 JPA repository interfaces.
2026-05-01T22:48:09.414+08:00  INFO 23860 --- [  restartedMain] o.s.b.w.embedded.tomcat.TomcatWebServer  : Tomcat initialized with port 8080 (http)
2026-05-01T22:48:09.437+08:00  INFO 23860 --- [  restartedMain] o.apache.catalina.core.StandardService   : Starting service [Tomcat]
2026-05-01T22:48:09.439+08:00  INFO 23860 --- [  restartedMain] o.apache.catalina.core.StandardEngine    : Starting Servlet engine: [Apache Tomcat/10.1.20]
2026-05-01T22:48:09.554+08:00  INFO 23860 --- [  restartedMain] o.a.c.c.C.[Tomcat].[localhost].[/]       : Initializing Spring embedded WebApplicationContext
2026-05-01T22:48:09.557+08:00  INFO 23860 --- [  restartedMain] w.s.c.ServletWebServerApplicationContext : Root WebApplicationContext: initialization completed in 3091 ms
2026-05-01T22:48:09.855+08:00  INFO 23860 --- [  restartedMain] o.hibernate.jpa.internal.util.LogHelper  : HHH000204: Processing PersistenceUnitInfo [name: default]
2026-05-01T22:48:09.960+08:00  INFO 23860 --- [  restartedMain] org.hibernate.Version                    : HHH000412: Hibernate ORM core version 6.4.4.Final
2026-05-01T22:48:10.027+08:00  INFO 23860 --- [  restartedMain] o.h.c.internal.RegionFactoryInitiator    : HHH000026: Second-level cache disabled
2026-05-01T22:48:10.459+08:00  INFO 23860 --- [  restartedMain] o.s.o.j.p.SpringPersistenceUnitInfo      : No LoadTimeWeaver setup: ignoring JPA class transformer
2026-05-01T22:48:10.509+08:00  INFO 23860 --- [  restartedMain] com.zaxxer.hikari.HikariDataSource       : HikariPool-1 - Starting...
2026-05-01T22:48:10.833+08:00  INFO 23860 --- [  restartedMain] com.zaxxer.hikari.pool.HikariPool        : HikariPool-1 - Added connection org.postgresql.jdbc.PgConnection@365f1ef6
2026-05-01T22:48:10.837+08:00  INFO 23860 --- [  restartedMain] com.zaxxer.hikari.HikariDataSource       : HikariPool-1 - Start completed.
2026-05-01T22:48:10.902+08:00  WARN 23860 --- [  restartedMain] org.hibernate.orm.deprecation            : HHH90000025: PostgreSQLDialect does not need to be specified explicitly using 'hibernate.dialect' (remove the property setting and it will be selected by default)
2026-05-01T22:48:12.773+08:00  INFO 23860 --- [  restartedMain] o.h.e.t.j.p.i.JtaPlatformInitiator       : HHH000489: No JTA platform available (set 'hibernate.transaction.jta.platform' to enable JTA platform integration)
2026-05-01T22:48:12.986+08:00  INFO 23860 --- [  restartedMain] j.LocalContainerEntityManagerFactoryBean : Initialized JPA EntityManagerFactory for persistence unit 'default'
2026-05-01T22:48:13.730+08:00  WARN 23860 --- [  restartedMain] JpaBaseConfiguration$JpaWebConfiguration : spring.jpa.open-in-view is enabled by default. Therefore, database queries may be performed during view rendering. Explicitly configure spring.jpa.open-in-view to disable this warning
2026-05-01T22:48:13.772+08:00  WARN 23860 --- [  restartedMain] .s.s.UserDetailsServiceAutoConfiguration : 

Using generated security password: 779a2377-28d7-4986-baea-a2ec8f22880a

This generated password is for development use only. Your security configuration must be updated before running your application in production.

2026-05-01T22:48:14.253+08:00  INFO 23860 --- [  restartedMain] o.s.s.web.DefaultSecurityFilterChain     : Will secure any request with [org.springframework.security.web.session.DisableEncodeUrlFilter@6db0b20d, org.springframework.security.web.context.request.async.WebAsyncManagerIntegrationFilter@35be7ddb, org.springframework.security.web.context.SecurityContextHolderFilter@6467c02c, org.springframework.security.web.header.HeaderWriterFilter@2baa465d, org.springframework.web.filter.CorsFilter@6c3b94e, org.springframework.security.web.authentication.logout.LogoutFilter@2fce7efa, org.springframework.security.web.savedrequest.RequestCacheAwareFilter@26f0bd02, org.springframework.security.web.servletapi.SecurityContextHolderAwareRequestFilter@5f14967, org.springframework.security.web.authentication.AnonymousAuthenticationFilter@6542e81a, org.springframework.security.web.session.SessionManagementFilter@5bbd91b5, org.springframework.security.web.access.ExceptionTranslationFilter@2fec797, org.springframework.security.web.access.intercept.AuthorizationFilter@51f134f4]
2026-05-01T22:48:14.622+08:00  INFO 23860 --- [  restartedMain] o.s.b.d.a.OptionalLiveReloadServer       : LiveReload server is running on port 35729
2026-05-01T22:48:14.678+08:00  INFO 23860 --- [  restartedMain] o.s.b.w.embedded.tomcat.TomcatWebServer  : Tomcat started on port 8080 (http) with context path ''
2026-05-01T22:48:14.695+08:00  INFO 23860 --- [  restartedMain] c.r.e.ExpensetrackerApplication          : Started ExpensetrackerApplication in 9.14 seconds (process running for 10.092)
2026-05-01T22:48:15.134+08:00  INFO 23860 --- [nio-8080-exec-1] o.a.c.c.C.[Tomcat].[localhost].[/]       : Initializing Spring DispatcherServlet 'dispatcherServlet'
2026-05-01T22:48:15.136+08:00  INFO 23860 --- [nio-8080-exec-1] o.s.web.servlet.DispatcherServlet        : Initializing Servlet 'dispatcherServlet'
2026-05-01T22:48:15.138+08:00  INFO 23860 --- [nio-8080-exec-1] o.s.web.servlet.DispatcherServlet        : Completed initialization in 1 ms
Hibernate: 
    select
        u1_0.id 
    from
        users u1_0 
    where
        u1_0.email=? 
    fetch
        first ? rows only
Hibernate: 
    insert 
    into
        users
        (email, google_uid, name, password) 
    values
        (?, ?, ?, ?)
Hibernate: 
    select
        u1_0.id,
        u1_0.email,
        u1_0.google_uid,
        u1_0.name,
        u1_0.password 
    from
        users u1_0 
    where
        u1_0.id=?
Hibernate: 
    insert 
    into
        budgets
        (amount, icon, month, name, user_id, year) 
    values
        (?, ?, ?, ?, ?, ?)
Hibernate: 
    select
        b1_0.id,
        b1_0.amount,
        b1_0.icon,
        b1_0.month,
        b1_0.name,
        b1_0.user_id,
        b1_0.year 
    from
        budgets b1_0 
    where
        b1_0.id=?
Hibernate: 
    select
        u1_0.id,
        u1_0.email,
        u1_0.google_uid,
        u1_0.name,
        u1_0.password 
    from
        users u1_0 
    where
        u1_0.email=?
2026-05-01T22:48:37.993+08:00 ERROR 23860 --- [nio-8080-exec-6] o.a.c.c.C.[.[.[/].[dispatcherServlet]    : Servlet.service() for servlet [dispatcherServlet] in context with path [] threw exception [Request processing failed: org.springframework.http.converter.HttpMessageConversionException: Type definition error: [simple type, class org.hibernate.proxy.pojo.bytebuddy.ByteBuddyInterceptor]] with root cause

com.fasterxml.jackson.databind.exc.InvalidDefinitionException: No serializer found for class org.hibernate.proxy.pojo.bytebuddy.ByteBuddyInterceptor and no properties discovered to create BeanSerializer (to avoid exception, disable SerializationFeature.FAIL_ON_EMPTY_BEANS) (through reference chain: com.rahimi.expensetracker.model.Budget["user"]->com.rahimi.expensetracker.model.User$HibernateProxy$laztzRAH["hibernateLazyInitializer"])
	at com.fasterxml.jackson.databind.exc.InvalidDefinitionException.from(InvalidDefinitionException.java:77) ~[jackson-databind-2.15.4.jar:2.15.4]
	at com.fasterxml.jackson.databind.SerializerProvider.reportBadDefinition(SerializerProvider.java:1308) ~[jackson-databind-2.15.4.jar:2.15.4]
	at com.fasterxml.jackson.databind.DatabindContext.reportBadDefinition(DatabindContext.java:414) ~[jackson-databind-2.15.4.jar:2.15.4]
	at com.fasterxml.jackson.databind.ser.impl.UnknownSerializer.failForEmpty(UnknownSerializer.java:53) ~[jackson-databind-2.15.4.jar:2.15.4]
	at com.fasterxml.jackson.databind.ser.impl.UnknownSerializer.serialize(UnknownSerializer.java:30) ~[jackson-databind-2.15.4.jar:2.15.4]
	at com.fasterxml.jackson.databind.ser.BeanPropertyWriter.serializeAsField(BeanPropertyWriter.java:732) ~[jackson-databind-2.15.4.jar:2.15.4]
	at com.fasterxml.jackson.databind.ser.std.BeanSerializerBase.serializeFields(BeanSerializerBase.java:772) ~[jackson-databind-2.15.4.jar:2.15.4]
	at com.fasterxml.jackson.databind.ser.BeanSerializer.serialize(BeanSerializer.java:178) ~[jackson-databind-2.15.4.jar:2.15.4]
	at com.fasterxml.jackson.databind.ser.BeanPropertyWriter.serializeAsField(BeanPropertyWriter.java:732) ~[jackson-databind-2.15.4.jar:2.15.4]
	at com.fasterxml.jackson.databind.ser.std.BeanSerializerBase.serializeFields(BeanSerializerBase.java:772) ~[jackson-databind-2.15.4.jar:2.15.4]
	at com.fasterxml.jackson.databind.ser.BeanSerializer.serialize(BeanSerializer.java:178) ~[jackson-databind-2.15.4.jar:2.15.4]
	at com.fasterxml.jackson.databind.ser.DefaultSerializerProvider._serialize(DefaultSerializerProvider.java:479) ~[jackson-databind-2.15.4.jar:2.15.4]
	at com.fasterxml.jackson.databind.ser.DefaultSerializerProvider.serializeValue(DefaultSerializerProvider.java:318) ~[jackson-databind-2.15.4.jar:2.15.4]
	at com.fasterxml.jackson.databind.ObjectWriter$Prefetch.serialize(ObjectWriter.java:1572) ~[jackson-databind-2.15.4.jar:2.15.4]
	at com.fasterxml.jackson.databind.ObjectWriter.writeValue(ObjectWriter.java:1061) ~[jackson-databind-2.15.4.jar:2.15.4]
	at org.springframework.http.converter.json.AbstractJackson2HttpMessageConverter.writeInternal(AbstractJackson2HttpMessageConverter.java:483) ~[spring-web-6.1.6.jar:6.1.6]
	at org.springframework.http.converter.AbstractGenericHttpMessageConverter.write(AbstractGenericHttpMessageConverter.java:114) ~[spring-web-6.1.6.jar:6.1.6]
	at org.springframework.web.servlet.mvc.method.annotation.AbstractMessageConverterMethodProcessor.writeWithMessageConverters(AbstractMessageConverterMethodProcessor.java:297) ~[spring-webmvc-6.1.6.jar:6.1.6]
	at org.springframework.web.servlet.mvc.method.annotation.HttpEntityMethodProcessor.handleReturnValue(HttpEntityMethodProcessor.java:245) ~[spring-webmvc-6.1.6.jar:6.1.6]
	at org.springframework.web.method.support.HandlerMethodReturnValueHandlerComposite.handleReturnValue(HandlerMethodReturnValueHandlerComposite.java:78) ~[spring-web-6.1.6.jar:6.1.6]
	at org.springframework.web.servlet.mvc.method.annotation.ServletInvocableHandlerMethod.invokeAndHandle(ServletInvocableHandlerMethod.java:136) ~[spring-webmvc-6.1.6.jar:6.1.6]
	at org.springframework.web.servlet.mvc.method.annotation.RequestMappingHandlerAdapter.invokeHandlerMethod(RequestMappingHandlerAdapter.java:926) ~[spring-webmvc-6.1.6.jar:6.1.6]
	at org.springframework.web.servlet.mvc.method.annotation.RequestMappingHandlerAdapter.handleInternal(RequestMappingHandlerAdapter.java:831) ~[spring-webmvc-6.1.6.jar:6.1.6]
	at org.springframework.web.servlet.mvc.method.AbstractHandlerMethodAdapter.handle(AbstractHandlerMethodAdapter.java:87) ~[spring-webmvc-6.1.6.jar:6.1.6]
	at org.springframework.web.servlet.DispatcherServlet.doDispatch(DispatcherServlet.java:1089) ~[spring-webmvc-6.1.6.jar:6.1.6]
	at org.springframework.web.servlet.DispatcherServlet.doService(DispatcherServlet.java:979) ~[spring-webmvc-6.1.6.jar:6.1.6]
	at org.springframework.web.servlet.FrameworkServlet.processRequest(FrameworkServlet.java:1014) ~[spring-webmvc-6.1.6.jar:6.1.6]
	at org.springframework.web.servlet.FrameworkServlet.doGet(FrameworkServlet.java:903) ~[spring-webmvc-6.1.6.jar:6.1.6]
	at jakarta.servlet.http.HttpServlet.service(HttpServlet.java:564) ~[tomcat-embed-core-10.1.20.jar:6.0]
	at org.springframework.web.servlet.FrameworkServlet.service(FrameworkServlet.java:885) ~[spring-webmvc-6.1.6.jar:6.1.6]
	at jakarta.servlet.http.HttpServlet.service(HttpServlet.java:658) ~[tomcat-embed-core-10.1.20.jar:6.0]
	at org.apache.catalina.core.ApplicationFilterChain.internalDoFilter(ApplicationFilterChain.java:206) ~[tomcat-embed-core-10.1.20.jar:10.1.20]
	at org.apache.catalina.core.ApplicationFilterChain.doFilter(ApplicationFilterChain.java:150) ~[tomcat-embed-core-10.1.20.jar:10.1.20]
	at org.apache.tomcat.websocket.server.WsFilter.doFilter(WsFilter.java:51) ~[tomcat-embed-websocket-10.1.20.jar:10.1.20]
	at org.apache.catalina.core.ApplicationFilterChain.internalDoFilter(ApplicationFilterChain.java:175) ~[tomcat-embed-core-10.1.20.jar:10.1.20]
	at org.apache.catalina.core.ApplicationFilterChain.doFilter(ApplicationFilterChain.java:150) ~[tomcat-embed-core-10.1.20.jar:10.1.20]
	at org.springframework.web.filter.OncePerRequestFilter.doFilter(OncePerRequestFilter.java:110) ~[spring-web-6.1.6.jar:6.1.6]
	at org.apache.catalina.core.ApplicationFilterChain.internalDoFilter(ApplicationFilterChain.java:175) ~[tomcat-embed-core-10.1.20.jar:10.1.20]
	at org.apache.catalina.core.ApplicationFilterChain.doFilter(ApplicationFilterChain.java:150) ~[tomcat-embed-core-10.1.20.jar:10.1.20]
	at org.springframework.web.filter.CompositeFilter$VirtualFilterChain.doFilter(CompositeFilter.java:108) ~[spring-web-6.1.6.jar:6.1.6]
	at org.springframework.security.web.FilterChainProxy.lambda$doFilterInternal$3(FilterChainProxy.java:231) ~[spring-security-web-6.2.4.jar:6.2.4]
	at org.springframework.security.web.FilterChainProxy$VirtualFilterChain.doFilter(FilterChainProxy.java:365) ~[spring-security-web-6.2.4.jar:6.2.4]
	at org.springframework.security.web.access.intercept.AuthorizationFilter.doFilter(AuthorizationFilter.java:100) ~[spring-security-web-6.2.4.jar:6.2.4]
	at org.springframework.security.web.FilterChainProxy$VirtualFilterChain.doFilter(FilterChainProxy.java:374) ~[spring-security-web-6.2.4.jar:6.2.4]
	at org.springframework.security.web.access.ExceptionTranslationFilter.doFilter(ExceptionTranslationFilter.java:126) ~[spring-security-web-6.2.4.jar:6.2.4]
	at org.springframework.security.web.access.ExceptionTranslationFilter.doFilter(ExceptionTranslationFilter.java:120) ~[spring-security-web-6.2.4.jar:6.2.4]
	at org.springframework.security.web.FilterChainProxy$VirtualFilterChain.doFilter(FilterChainProxy.java:374) ~[spring-security-web-6.2.4.jar:6.2.4]
	at org.springframework.security.web.session.SessionManagementFilter.doFilter(SessionManagementFilter.java:131) ~[spring-security-web-6.2.4.jar:6.2.4]
	at org.springframework.security.web.session.SessionManagementFilter.doFilter(SessionManagementFilter.java:85) ~[spring-security-web-6.2.4.jar:6.2.4]
	at org.springframework.security.web.FilterChainProxy$VirtualFilterChain.doFilter(FilterChainProxy.java:374) ~[spring-security-web-6.2.4.jar:6.2.4]
	at org.springframework.security.web.authentication.AnonymousAuthenticationFilter.doFilter(AnonymousAuthenticationFilter.java:100) ~[spring-security-web-6.2.4.jar:6.2.4]
	at org.springframework.security.web.FilterChainProxy$VirtualFilterChain.doFilter(FilterChainProxy.java:374) ~[spring-security-web-6.2.4.jar:6.2.4]
	at org.springframework.security.web.servletapi.SecurityContextHolderAwareRequestFilter.doFilter(SecurityContextHolderAwareRequestFilter.java:179) ~[spring-security-web-6.2.4.jar:6.2.4]
	at org.springframework.security.web.FilterChainProxy$VirtualFilterChain.doFilter(FilterChainProxy.java:374) ~[spring-security-web-6.2.4.jar:6.2.4]
	at org.springframework.security.web.savedrequest.RequestCacheAwareFilter.doFilter(RequestCacheAwareFilter.java:63) ~[spring-security-web-6.2.4.jar:6.2.4]
	at org.springframework.security.web.FilterChainProxy$VirtualFilterChain.doFilter(FilterChainProxy.java:374) ~[spring-security-web-6.2.4.jar:6.2.4]
	at org.springframework.security.web.authentication.logout.LogoutFilter.doFilter(LogoutFilter.java:107) ~[spring-security-web-6.2.4.jar:6.2.4]
	at org.springframework.security.web.authentication.logout.LogoutFilter.doFilter(LogoutFilter.java:93) ~[spring-security-web-6.2.4.jar:6.2.4]
	at org.springframework.security.web.FilterChainProxy$VirtualFilterChain.doFilter(FilterChainProxy.java:374) ~[spring-security-web-6.2.4.jar:6.2.4]
	at org.springframework.web.filter.CorsFilter.doFilterInternal(CorsFilter.java:91) ~[spring-web-6.1.6.jar:6.1.6]
	at org.springframework.web.filter.OncePerRequestFilter.doFilter(OncePerRequestFilter.java:116) ~[spring-web-6.1.6.jar:6.1.6]
	at org.springframework.security.web.FilterChainProxy$VirtualFilterChain.doFilter(FilterChainProxy.java:374) ~[spring-security-web-6.2.4.jar:6.2.4]
	at org.springframework.security.web.header.HeaderWriterFilter.doHeadersAfter(HeaderWriterFilter.java:90) ~[spring-security-web-6.2.4.jar:6.2.4]
	at org.springframework.security.web.header.HeaderWriterFilter.doFilterInternal(HeaderWriterFilter.java:75) ~[spring-security-web-6.2.4.jar:6.2.4]
	at org.springframework.web.filter.OncePerRequestFilter.doFilter(OncePerRequestFilter.java:116) ~[spring-web-6.1.6.jar:6.1.6]
	at org.springframework.security.web.FilterChainProxy$VirtualFilterChain.doFilter(FilterChainProxy.java:374) ~[spring-security-web-6.2.4.jar:6.2.4]
	at org.springframework.security.web.context.SecurityContextHolderFilter.doFilter(SecurityContextHolderFilter.java:82) ~[spring-security-web-6.2.4.jar:6.2.4]
	at org.springframework.security.web.context.SecurityContextHolderFilter.doFilter(SecurityContextHolderFilter.java:69) ~[spring-security-web-6.2.4.jar:6.2.4]
	at org.springframework.security.web.FilterChainProxy$VirtualFilterChain.doFilter(FilterChainProxy.java:374) ~[spring-security-web-6.2.4.jar:6.2.4]
	at org.springframework.security.web.context.request.async.WebAsyncManagerIntegrationFilter.doFilterInternal(WebAsyncManagerIntegrationFilter.java:62) ~[spring-security-web-6.2.4.jar:6.2.4]
	at org.springframework.web.filter.OncePerRequestFilter.doFilter(OncePerRequestFilter.java:116) ~[spring-web-6.1.6.jar:6.1.6]
	at org.springframework.security.web.FilterChainProxy$VirtualFilterChain.doFilter(FilterChainProxy.java:374) ~[spring-security-web-6.2.4.jar:6.2.4]
	at org.springframework.security.web.session.DisableEncodeUrlFilter.doFilterInternal(DisableEncodeUrlFilter.java:42) ~[spring-security-web-6.2.4.jar:6.2.4]
	at org.springframework.web.filter.OncePerRequestFilter.doFilter(OncePerRequestFilter.java:116) ~[spring-web-6.1.6.jar:6.1.6]
	at org.springframework.security.web.FilterChainProxy$VirtualFilterChain.doFilter(FilterChainProxy.java:374) ~[spring-security-web-6.2.4.jar:6.2.4]
	at org.springframework.security.web.FilterChainProxy.doFilterInternal(FilterChainProxy.java:233) ~[spring-security-web-6.2.4.jar:6.2.4]
	at org.springframework.security.web.FilterChainProxy.doFilter(FilterChainProxy.java:191) ~[spring-security-web-6.2.4.jar:6.2.4]
	at org.springframework.web.filter.CompositeFilter$VirtualFilterChain.doFilter(CompositeFilter.java:113) ~[spring-web-6.1.6.jar:6.1.6]
	at org.springframework.web.servlet.handler.HandlerMappingIntrospector.lambda$createCacheFilter$3(HandlerMappingIntrospector.java:195) ~[spring-webmvc-6.1.6.jar:6.1.6]
	at org.springframework.web.filter.CompositeFilter$VirtualFilterChain.doFilter(CompositeFilter.java:113) ~[spring-web-6.1.6.jar:6.1.6]
	at org.springframework.web.filter.CompositeFilter.doFilter(CompositeFilter.java:74) ~[spring-web-6.1.6.jar:6.1.6]
	at org.springframework.security.config.annotation.web.configuration.WebMvcSecurityConfiguration$CompositeFilterChainProxy.doFilter(WebMvcSecurityConfiguration.java:230) ~[spring-security-config-6.2.4.jar:6.2.4]
	at org.springframework.web.filter.DelegatingFilterProxy.invokeDelegate(DelegatingFilterProxy.java:352) ~[spring-web-6.1.6.jar:6.1.6]
	at org.springframework.web.filter.DelegatingFilterProxy.doFilter(DelegatingFilterProxy.java:268) ~[spring-web-6.1.6.jar:6.1.6]
	at org.apache.catalina.core.ApplicationFilterChain.internalDoFilter(ApplicationFilterChain.java:175) ~[tomcat-embed-core-10.1.20.jar:10.1.20]
	at org.apache.catalina.core.ApplicationFilterChain.doFilter(ApplicationFilterChain.java:150) ~[tomcat-embed-core-10.1.20.jar:10.1.20]
	at org.springframework.web.filter.RequestContextFilter.doFilterInternal(RequestContextFilter.java:100) ~[spring-web-6.1.6.jar:6.1.6]
	at org.springframework.web.filter.OncePerRequestFilter.doFilter(OncePerRequestFilter.java:116) ~[spring-web-6.1.6.jar:6.1.6]
	at org.apache.catalina.core.ApplicationFilterChain.internalDoFilter(ApplicationFilterChain.java:175) ~[tomcat-embed-core-10.1.20.jar:10.1.20]
	at org.apache.catalina.core.ApplicationFilterChain.doFilter(ApplicationFilterChain.java:150) ~[tomcat-embed-core-10.1.20.jar:10.1.20]
	at org.springframework.web.filter.FormContentFilter.doFilterInternal(FormContentFilter.java:93) ~[spring-web-6.1.6.jar:6.1.6]
	at org.springframework.web.filter.OncePerRequestFilter.doFilter(OncePerRequestFilter.java:116) ~[spring-web-6.1.6.jar:6.1.6]
	at org.apache.catalina.core.ApplicationFilterChain.internalDoFilter(ApplicationFilterChain.java:175) ~[tomcat-embed-core-10.1.20.jar:10.1.20]
	at org.apache.catalina.core.ApplicationFilterChain.doFilter(ApplicationFilterChain.java:150) ~[tomcat-embed-core-10.1.20.jar:10.1.20]
	at org.springframework.web.filter.CharacterEncodingFilter.doFilterInternal(CharacterEncodingFilter.java:201) ~[spring-web-6.1.6.jar:6.1.6]
	at org.springframework.web.filter.OncePerRequestFilter.doFilter(OncePerRequestFilter.java:116) ~[spring-web-6.1.6.jar:6.1.6]
	at org.apache.catalina.core.ApplicationFilterChain.internalDoFilter(ApplicationFilterChain.java:175) ~[tomcat-embed-core-10.1.20.jar:10.1.20]
	at org.apache.catalina.core.ApplicationFilterChain.doFilter(ApplicationFilterChain.java:150) ~[tomcat-embed-core-10.1.20.jar:10.1.20]
	at org.apache.catalina.core.StandardWrapperValve.invoke(StandardWrapperValve.java:167) ~[tomcat-embed-core-10.1.20.jar:10.1.20]
	at org.apache.catalina.core.StandardContextValve.invoke(StandardContextValve.java:90) ~[tomcat-embed-core-10.1.20.jar:10.1.20]
	at org.apache.catalina.authenticator.AuthenticatorBase.invoke(AuthenticatorBase.java:482) ~[tomcat-embed-core-10.1.20.jar:10.1.20]
	at org.apache.catalina.core.StandardHostValve.invoke(StandardHostValve.java:115) ~[tomcat-embed-core-10.1.20.jar:10.1.20]
	at org.apache.catalina.valves.ErrorReportValve.invoke(ErrorReportValve.java:93) ~[tomcat-embed-core-10.1.20.jar:10.1.20]
	at org.apache.catalina.core.StandardEngineValve.invoke(StandardEngineValve.java:74) ~[tomcat-embed-core-10.1.20.jar:10.1.20]
	at org.apache.catalina.connector.CoyoteAdapter.service(CoyoteAdapter.java:344) ~[tomcat-embed-core-10.1.20.jar:10.1.20]
	at org.apache.coyote.http11.Http11Processor.service(Http11Processor.java:391) ~[tomcat-embed-core-10.1.20.jar:10.1.20]
	at org.apache.coyote.AbstractProcessorLight.process(AbstractProcessorLight.java:63) ~[tomcat-embed-core-10.1.20.jar:10.1.20]
	at org.apache.coyote.AbstractProtocol$ConnectionHandler.process(AbstractProtocol.java:896) ~[tomcat-embed-core-10.1.20.jar:10.1.20]
	at org.apache.tomcat.util.net.NioEndpoint$SocketProcessor.doRun(NioEndpoint.java:1736) ~[tomcat-embed-core-10.1.20.jar:10.1.20]
	at org.apache.tomcat.util.net.SocketProcessorBase.run(SocketProcessorBase.java:52) ~[tomcat-embed-core-10.1.20.jar:10.1.20]
	at org.apache.tomcat.util.threads.ThreadPoolExecutor.runWorker(ThreadPoolExecutor.java:1191) ~[tomcat-embed-core-10.1.20.jar:10.1.20]
	at org.apache.tomcat.util.threads.ThreadPoolExecutor$Worker.run(ThreadPoolExecutor.java:659) ~[tomcat-embed-core-10.1.20.jar:10.1.20]
	at org.apache.tomcat.util.threads.TaskThread$WrappingRunnable.run(TaskThread.java:63) ~[tomcat-embed-core-10.1.20.jar:10.1.20]
	at java.base/java.lang.Thread.run(Thread.java:840) ~[na:na]

Hibernate: 
    select
        u1_0.id 
    from
        users u1_0 
    where
        u1_0.email=? 
    fetch
        first ? rows only
Hibernate: 
    insert 
    into
        users
        (email, google_uid, name, password) 
    values
        (?, ?, ?, ?)
2026-05-01T22:49:33.451+08:00  INFO 23860 --- [   File Watcher] rtingClassPathChangeChangedEventListener : Restarting due to 16 class path changes (0 additions, 16 deletions, 0 modifications)
2026-05-01T22:49:33.495+08:00  INFO 23860 --- [       Thread-5] j.LocalContainerEntityManagerFactoryBean : Closing JPA EntityManagerFactory for persistence unit 'default'
2026-05-01T22:49:33.503+08:00  INFO 23860 --- [       Thread-5] com.zaxxer.hikari.HikariDataSource       : HikariPool-1 - Shutdown initiated...
2026-05-01T22:49:33.512+08:00  INFO 23860 --- [       Thread-5] com.zaxxer.hikari.HikariDataSource       : HikariPool-1 - Shutdown completed.

  .   ____          _            __ _ _
 /\\ / ___'_ __ _ _(_)_ __  __ _ \ \ \ \
( ( )\___ | '_ | '_| | '_ \/ _` | \ \ \ \
 \\/  ___)| |_)| | | | | || (_| |  ) ) ) )
  '  |____| .__|_| |_|_| |_\__, | / / / /
 =========|_|==============|___/=/_/_/_/
 :: Spring Boot ::                (v3.2.5)

2026-05-01T22:49:33.661+08:00  INFO 23860 --- [  restartedMain] c.r.e.ExpensetrackerApplication          : Starting ExpensetrackerApplication using Java 17.0.18 with PID 23860 (C:\Users\Rahimilocalacc\OneDrive\Documents\Portfolio\spendly-fixed\backend\target\classes started by Rahimilocalacc in C:\Users\Rahimilocalacc\OneDrive\Documents\Portfolio\spendly-fixed\backend)
2026-05-01T22:49:33.662+08:00  INFO 23860 --- [  restartedMain] c.r.e.ExpensetrackerApplication          : No active profile set, falling back to 1 default profile: "default"
2026-05-01T22:49:34.220+08:00  INFO 23860 --- [  restartedMain] .s.d.r.c.RepositoryConfigurationDelegate : Bootstrapping Spring Data JPA repositories in DEFAULT mode.
2026-05-01T22:49:34.230+08:00  INFO 23860 --- [  restartedMain] .s.d.r.c.RepositoryConfigurationDelegate : Finished Spring Data repository scanning in 9 ms. Found 0 JPA repository interfaces.
2026-05-01T22:49:34.539+08:00  INFO 23860 --- [  restartedMain] o.s.b.w.embedded.tomcat.TomcatWebServer  : Tomcat initialized with port 8080 (http)
2026-05-01T22:49:34.543+08:00  INFO 23860 --- [  restartedMain] o.apache.catalina.core.StandardService   : Starting service [Tomcat]
2026-05-01T22:49:34.545+08:00  INFO 23860 --- [  restartedMain] o.apache.catalina.core.StandardEngine    : Starting Servlet engine: [Apache Tomcat/10.1.20]
2026-05-01T22:49:34.594+08:00  INFO 23860 --- [  restartedMain] o.a.c.c.C.[Tomcat].[localhost].[/]       : Initializing Spring embedded WebApplicationContext
2026-05-01T22:49:34.595+08:00  INFO 23860 --- [  restartedMain] w.s.c.ServletWebServerApplicationContext : Root WebApplicationContext: initialization completed in 928 ms
2026-05-01T22:49:34.709+08:00  INFO 23860 --- [  restartedMain] o.hibernate.jpa.internal.util.LogHelper  : HHH000204: Processing PersistenceUnitInfo [name: default]
2026-05-01T22:49:34.716+08:00  INFO 23860 --- [  restartedMain] o.h.c.internal.RegionFactoryInitiator    : HHH000026: Second-level cache disabled
2026-05-01T22:49:34.727+08:00  INFO 23860 --- [  restartedMain] o.s.o.j.p.SpringPersistenceUnitInfo      : No LoadTimeWeaver setup: ignoring JPA class transformer
2026-05-01T22:49:34.729+08:00  INFO 23860 --- [  restartedMain] com.zaxxer.hikari.HikariDataSource       : HikariPool-2 - Starting...
2026-05-01T22:49:34.839+08:00  INFO 23860 --- [  restartedMain] com.zaxxer.hikari.pool.HikariPool        : HikariPool-2 - Added connection org.postgresql.jdbc.PgConnection@4c2a48f3
2026-05-01T22:49:34.840+08:00  INFO 23860 --- [  restartedMain] com.zaxxer.hikari.HikariDataSource       : HikariPool-2 - Start completed.
2026-05-01T22:49:34.857+08:00  WARN 23860 --- [  restartedMain] org.hibernate.orm.deprecation            : HHH90000025: PostgreSQLDialect does not need to be specified explicitly using 'hibernate.dialect' (remove the property setting and it will be selected by default)
2026-05-01T22:49:34.897+08:00  INFO 23860 --- [  restartedMain] o.h.e.t.j.p.i.JtaPlatformInitiator       : HHH000489: No JTA platform available (set 'hibernate.transaction.jta.platform' to enable JTA platform integration)
2026-05-01T22:49:34.898+08:00  INFO 23860 --- [  restartedMain] j.LocalContainerEntityManagerFactoryBean : Initialized JPA EntityManagerFactory for persistence unit 'default'
2026-05-01T22:49:34.948+08:00  WARN 23860 --- [  restartedMain] JpaBaseConfiguration$JpaWebConfiguration : spring.jpa.open-in-view is enabled by default. Therefore, database queries may be performed during view rendering. Explicitly configure spring.jpa.open-in-view to disable this warning
2026-05-01T22:49:35.258+08:00  WARN 23860 --- [  restartedMain] .s.s.UserDetailsServiceAutoConfiguration : 

Using generated security password: 2f14337a-8039-420c-ada6-720b7034752d

This generated password is for development use only. Your security configuration must be updated before running your application in production.

2026-05-01T22:49:35.345+08:00  INFO 23860 --- [  restartedMain] o.s.s.web.DefaultSecurityFilterChain     : Will secure any request with [org.springframework.security.web.session.DisableEncodeUrlFilter@665adfeb, org.springframework.security.web.context.request.async.WebAsyncManagerIntegrationFilter@24ebc2f9, org.springframework.security.web.context.SecurityContextHolderFilter@12cf1e64, org.springframework.security.web.header.HeaderWriterFilter@412bb907, org.springframework.web.filter.CorsFilter@34189585, org.springframework.security.web.csrf.CsrfFilter@6436b56d, org.springframework.security.web.authentication.logout.LogoutFilter@126687af, org.springframework.security.web.authentication.UsernamePasswordAuthenticationFilter@6f770ce5, org.springframework.security.web.authentication.ui.DefaultLoginPageGeneratingFilter@41939bab, org.springframework.security.web.authentication.ui.DefaultLogoutPageGeneratingFilter@275e7b5e, org.springframework.security.web.authentication.www.BasicAuthenticationFilter@437a05f5, org.springframework.security.web.savedrequest.RequestCacheAwareFilter@43834c8d, org.springframework.security.web.servletapi.SecurityContextHolderAwareRequestFilter@5d6ce280, org.springframework.security.web.authentication.AnonymousAuthenticationFilter@174b4dd9, org.springframework.security.web.access.ExceptionTranslationFilter@7a4c87aa, org.springframework.security.web.access.intercept.AuthorizationFilter@fd35c69]
2026-05-01T22:49:35.391+08:00  INFO 23860 --- [  restartedMain] o.s.b.d.a.OptionalLiveReloadServer       : LiveReload server is running on port 35729
2026-05-01T22:49:35.416+08:00  INFO 23860 --- [  restartedMain] o.s.b.w.embedded.tomcat.TomcatWebServer  : Tomcat started on port 8080 (http) with context path ''
2026-05-01T22:49:35.427+08:00  INFO 23860 --- [  restartedMain] c.r.e.ExpensetrackerApplication          : Started ExpensetrackerApplication in 1.833 seconds (process running for 90.825)
2026-05-01T22:49:35.437+08:00  INFO 23860 --- [  restartedMain] .ConditionEvaluationDeltaLoggingListener : Condition evaluation delta:


==========================
CONDITION EVALUATION DELTA
==========================


Positive matches:
-----------------

   SpringBootWebSecurityConfiguration.SecurityFilterChainConfiguration matched:
      - AllNestedConditions 2 matched 0 did not; NestedCondition on DefaultWebSecurityCondition.Beans @ConditionalOnMissingBean (types: org.springframework.security.web.SecurityFilterChain; SearchStrategy: all) did not find any beans; NestedCondition on DefaultWebSecurityCondition.Classes @ConditionalOnClass found required classes 'org.springframework.security.web.SecurityFilterChain', 'org.springframework.security.config.annotation.web.builders.HttpSecurity' (DefaultWebSecurityCondition)

   SpringBootWebSecurityConfiguration.WebSecurityEnablerConfiguration matched:
      - @ConditionalOnClass found required class 'org.springframework.security.config.annotation.web.configuration.EnableWebSecurity' (OnClassCondition)
      - @ConditionalOnMissingBean (names: springSecurityFilterChain; SearchStrategy: all) did not find any beans (OnBeanCondition)


Negative matches:
-----------------

    None


Exclusions:
-----------

    None


Unconditional classes:
----------------------

    None



2026-05-01T22:49:35.569+08:00  INFO 23860 --- [nio-8080-exec-1] o.a.c.c.C.[Tomcat].[localhost].[/]       : Initializing Spring DispatcherServlet 'dispatcherServlet'
2026-05-01T22:49:35.570+08:00  INFO 23860 --- [nio-8080-exec-1] o.s.web.servlet.DispatcherServlet        : Initializing Servlet 'dispatcherServlet'
2026-05-01T22:49:35.574+08:00  INFO 23860 --- [nio-8080-exec-1] o.s.web.servlet.DispatcherServlet        : Completed initialization in 3 ms
2026-05-01T22:49:35.719+08:00  WARN 23860 --- [nio-8080-exec-1] o.a.c.util.SessionIdGeneratorBase        : Creation of SecureRandom instance for session ID generation using [SHA1PRNG] took [130] milliseconds.
2026-05-01T22:49:38.704+08:00  INFO 23860 --- [   File Watcher] rtingClassPathChangeChangedEventListener : Restarting due to 17 class path changes (16 additions, 0 deletions, 1 modification)
2026-05-01T22:49:38.736+08:00  INFO 23860 --- [       Thread-7] j.LocalContainerEntityManagerFactoryBean : Closing JPA EntityManagerFactory for persistence unit 'default'
2026-05-01T22:49:38.739+08:00  INFO 23860 --- [       Thread-7] com.zaxxer.hikari.HikariDataSource       : HikariPool-2 - Shutdown initiated...
2026-05-01T22:49:38.752+08:00  INFO 23860 --- [       Thread-7] com.zaxxer.hikari.HikariDataSource       : HikariPool-2 - Shutdown completed.

  .   ____          _            __ _ _
 /\\ / ___'_ __ _ _(_)_ __  __ _ \ \ \ \
( ( )\___ | '_ | '_| | '_ \/ _` | \ \ \ \
 \\/  ___)| |_)| | | | | || (_| |  ) ) ) )
  '  |____| .__|_| |_|_| |_\__, | / / / /
 =========|_|==============|___/=/_/_/_/
 :: Spring Boot ::                (v3.2.5)

2026-05-01T22:49:38.933+08:00  INFO 23860 --- [  restartedMain] c.r.e.ExpensetrackerApplication          : Starting ExpensetrackerApplication using Java 17.0.18 with PID 23860 (C:\Users\Rahimilocalacc\OneDrive\Documents\Portfolio\spendly-fixed\backend\target\classes started by Rahimilocalacc in C:\Users\Rahimilocalacc\OneDrive\Documents\Portfolio\spendly-fixed\backend)
2026-05-01T22:49:38.934+08:00  INFO 23860 --- [  restartedMain] c.r.e.ExpensetrackerApplication          : No active profile set, falling back to 1 default profile: "default"
2026-05-01T22:49:39.476+08:00  INFO 23860 --- [  restartedMain] .s.d.r.c.RepositoryConfigurationDelegate : Bootstrapping Spring Data JPA repositories in DEFAULT mode.
2026-05-01T22:49:39.511+08:00  INFO 23860 --- [  restartedMain] .s.d.r.c.RepositoryConfigurationDelegate : Finished Spring Data repository scanning in 33 ms. Found 3 JPA repository interfaces.
2026-05-01T22:49:39.751+08:00  INFO 23860 --- [  restartedMain] o.s.b.w.embedded.tomcat.TomcatWebServer  : Tomcat initialized with port 8080 (http)
2026-05-01T22:49:39.752+08:00  INFO 23860 --- [  restartedMain] o.apache.catalina.core.StandardService   : Starting service [Tomcat]
2026-05-01T22:49:39.753+08:00  INFO 23860 --- [  restartedMain] o.apache.catalina.core.StandardEngine    : Starting Servlet engine: [Apache Tomcat/10.1.20]
2026-05-01T22:49:39.796+08:00  INFO 23860 --- [  restartedMain] o.a.c.c.C.[Tomcat].[localhost].[/]       : Initializing Spring embedded WebApplicationContext
2026-05-01T22:49:39.797+08:00  INFO 23860 --- [  restartedMain] w.s.c.ServletWebServerApplicationContext : Root WebApplicationContext: initialization completed in 858 ms
2026-05-01T22:49:39.906+08:00  INFO 23860 --- [  restartedMain] o.hibernate.jpa.internal.util.LogHelper  : HHH000204: Processing PersistenceUnitInfo [name: default]
2026-05-01T22:49:39.914+08:00  INFO 23860 --- [  restartedMain] o.h.c.internal.RegionFactoryInitiator    : HHH000026: Second-level cache disabled
2026-05-01T22:49:39.926+08:00  INFO 23860 --- [  restartedMain] o.s.o.j.p.SpringPersistenceUnitInfo      : No LoadTimeWeaver setup: ignoring JPA class transformer
2026-05-01T22:49:39.928+08:00  INFO 23860 --- [  restartedMain] com.zaxxer.hikari.HikariDataSource       : HikariPool-3 - Starting...
2026-05-01T22:49:40.027+08:00  INFO 23860 --- [  restartedMain] com.zaxxer.hikari.pool.HikariPool        : HikariPool-3 - Added connection org.postgresql.jdbc.PgConnection@15046972
2026-05-01T22:49:40.028+08:00  INFO 23860 --- [  restartedMain] com.zaxxer.hikari.HikariDataSource       : HikariPool-3 - Start completed.
2026-05-01T22:49:40.048+08:00  WARN 23860 --- [  restartedMain] org.hibernate.orm.deprecation            : HHH90000025: PostgreSQLDialect does not need to be specified explicitly using 'hibernate.dialect' (remove the property setting and it will be selected by default)
2026-05-01T22:49:40.234+08:00  INFO 23860 --- [  restartedMain] o.h.e.t.j.p.i.JtaPlatformInitiator       : HHH000489: No JTA platform available (set 'hibernate.transaction.jta.platform' to enable JTA platform integration)
2026-05-01T22:49:40.394+08:00  INFO 23860 --- [  restartedMain] j.LocalContainerEntityManagerFactoryBean : Initialized JPA EntityManagerFactory for persistence unit 'default'
2026-05-01T22:49:40.621+08:00  WARN 23860 --- [  restartedMain] JpaBaseConfiguration$JpaWebConfiguration : spring.jpa.open-in-view is enabled by default. Therefore, database queries may be performed during view rendering. Explicitly configure spring.jpa.open-in-view to disable this warning
2026-05-01T22:49:40.637+08:00  WARN 23860 --- [  restartedMain] .s.s.UserDetailsServiceAutoConfiguration : 

Using generated security password: a104c163-5b11-4d0c-aabf-df3f2e2a4235

This generated password is for development use only. Your security configuration must be updated before running your application in production.

2026-05-01T22:49:40.831+08:00  INFO 23860 --- [  restartedMain] o.s.s.web.DefaultSecurityFilterChain     : Will secure any request with [org.springframework.security.web.session.DisableEncodeUrlFilter@7ac3b777, org.springframework.security.web.context.request.async.WebAsyncManagerIntegrationFilter@55435e89, org.springframework.security.web.context.SecurityContextHolderFilter@7bb917b4, org.springframework.security.web.header.HeaderWriterFilter@6c3ff694, org.springframework.web.filter.CorsFilter@b801371, org.springframework.security.web.authentication.logout.LogoutFilter@e24217f, org.springframework.security.web.savedrequest.RequestCacheAwareFilter@58ae71b9, org.springframework.security.web.servletapi.SecurityContextHolderAwareRequestFilter@4bb6a76e, org.springframework.security.web.authentication.AnonymousAuthenticationFilter@15fa5fe8, org.springframework.security.web.session.SessionManagementFilter@6212982e, org.springframework.security.web.access.ExceptionTranslationFilter@681975b7, org.springframework.security.web.access.intercept.AuthorizationFilter@5bdfe4a7]
2026-05-01T22:49:40.977+08:00  INFO 23860 --- [  restartedMain] o.s.b.d.a.OptionalLiveReloadServer       : LiveReload server is running on port 35729
2026-05-01T22:49:41.002+08:00  INFO 23860 --- [  restartedMain] o.s.b.w.embedded.tomcat.TomcatWebServer  : Tomcat started on port 8080 (http) with context path ''
2026-05-01T22:49:41.026+08:00  INFO 23860 --- [  restartedMain] c.r.e.ExpensetrackerApplication          : Started ExpensetrackerApplication in 2.156 seconds (process running for 96.423)
2026-05-01T22:49:41.033+08:00  INFO 23860 --- [  restartedMain] .ConditionEvaluationDeltaLoggingListener : Condition evaluation delta:


==========================
CONDITION EVALUATION DELTA
==========================


Positive matches:
-----------------

    None


Negative matches:
-----------------

   SpringBootWebSecurityConfiguration.SecurityFilterChainConfiguration:
      Did not match:
         - AllNestedConditions 1 matched 1 did not; NestedCondition on DefaultWebSecurityCondition.Beans @ConditionalOnMissingBean (types: org.springframework.security.web.SecurityFilterChain; SearchStrategy: all) found beans of type 'org.springframework.security.web.SecurityFilterChain' securityFilterChain; NestedCondition on DefaultWebSecurityCondition.Classes @ConditionalOnClass found required classes 'org.springframework.security.web.SecurityFilterChain', 'org.springframework.security.config.annotation.web.builders.HttpSecurity' (DefaultWebSecurityCondition)

   SpringBootWebSecurityConfiguration.WebSecurityEnablerConfiguration:
      Did not match:
         - @ConditionalOnMissingBean (names: springSecurityFilterChain; SearchStrategy: all) found beans named springSecurityFilterChain (OnBeanCondition)
      Matched:
         - @ConditionalOnClass found required class 'org.springframework.security.config.annotation.web.configuration.EnableWebSecurity' (OnClassCondition)


Exclusions:
-----------

    None


Unconditional classes:
----------------------

    None



2026-05-01T22:50:10.610+08:00  INFO 23860 --- [nio-8080-exec-2] o.a.c.c.C.[Tomcat].[localhost].[/]       : Initializing Spring DispatcherServlet 'dispatcherServlet'
2026-05-01T22:50:10.611+08:00  INFO 23860 --- [nio-8080-exec-2] o.s.web.servlet.DispatcherServlet        : Initializing Servlet 'dispatcherServlet'
2026-05-01T22:50:10.613+08:00  INFO 23860 --- [nio-8080-exec-2] o.s.web.servlet.DispatcherServlet        : Completed initialization in 1 ms
Hibernate: 
    select
        u1_0.id 
    from
        users u1_0 
    where
        u1_0.email=? 
    fetch
        first ? rows only
Hibernate: 
    insert 
    into
        users
        (email, google_uid, name, password) 
    values
        (?, ?, ?, ?)
Hibernate: 
    select
        u1_0.id,
        u1_0.email,
        u1_0.google_uid,
        u1_0.name,
        u1_0.password 
    from
        users u1_0 
    where
        u1_0.id=?
Hibernate: 
    insert 
    into
        budgets
        (amount, icon, month, name, user_id, year) 
    values
        (?, ?, ?, ?, ?, ?)
Hibernate: 
    select
        b1_0.id,
        b1_0.amount,
        b1_0.icon,
        b1_0.month,
        b1_0.name,
        b1_0.user_id,
        b1_0.year 
    from
        budgets b1_0 
    where
        b1_0.id=?
Hibernate: 
    select
        u1_0.id,
        u1_0.email,
        u1_0.google_uid,
        u1_0.name,
        u1_0.password 
    from
        users u1_0 
    where
        u1_0.email=?
Hibernate: 
    select
        e1_0.budget_id,
        e1_0.id,
        e1_0.amount,
        e1_0.date,
        e1_0.description,
        e1_0.user_id 
    from
        expenses e1_0 
    where
        e1_0.budget_id=?
2026-05-01T22:56:01.751+08:00  WARN 23860 --- [l-3 housekeeper] com.zaxxer.hikari.pool.HikariPool        : HikariPool-3 - Thread starvation or clock leap detected (housekeeper delta=3m23s535ms179µs200ns).
Hibernate: 
    select
        b1_0.id,
        b1_0.amount,
        b1_0.icon,
        b1_0.month,
        b1_0.name,
        b1_0.user_id,
        b1_0.year 
    from
        budgets b1_0 
    where
        b1_0.id=?
Hibernate: 
    select
        u1_0.id,
        u1_0.email,
        u1_0.google_uid,
        u1_0.name,
        u1_0.password 
    from
        users u1_0 
    where
        u1_0.email=?
Hibernate: 
    select
        u1_0.id 
    from
        users u1_0 
    where
        u1_0.email=? 
    fetch
        first ? rows only
Hibernate: 
    insert 
    into
        users
        (email, google_uid, name, password) 
    values
        (?, ?, ?, ?)
Hibernate: 
    select
        u1_0.id,
        u1_0.email,
        u1_0.google_uid,
        u1_0.name,
        u1_0.password 
    from
        users u1_0 
    where
        u1_0.id=?
Hibernate: 
    insert 
    into
        budgets
        (amount, icon, month, name, user_id, year) 
    values
        (?, ?, ?, ?, ?, ?)
Hibernate: 
    select
        b1_0.id,
        b1_0.amount,
        b1_0.icon,
        b1_0.month,
        b1_0.name,
        b1_0.user_id,
        b1_0.year 
    from
        budgets b1_0 
    where
        b1_0.id=?
Hibernate: 
    select
        u1_0.id,
        u1_0.email,
        u1_0.google_uid,
        u1_0.name,
        u1_0.password 
    from
        users u1_0 
    where
        u1_0.email=?
Hibernate: 
    select
        e1_0.budget_id,
        e1_0.id,
        e1_0.amount,
        e1_0.date,
        e1_0.description,
        e1_0.user_id 
    from
        expenses e1_0 
    where
        e1_0.budget_id=?
Hibernate: 
    select
        u1_0.id,
        u1_0.email,
        u1_0.google_uid,
        u1_0.name,
        u1_0.password 
    from
        users u1_0 
    where
        u1_0.email=?
2026-05-01T23:04:15.592+08:00  WARN 23860 --- [nio-8080-exec-1] .w.s.m.s.DefaultHandlerExceptionResolver : Resolved [org.springframework.web.method.annotation.MethodArgumentTypeMismatchException: Failed to convert value of type 'java.lang.String' to required type 'java.lang.Long'; For input string: "nBMaUNsgxZPD2t0H22j6ptbpLV22"]
2026-05-01T23:04:15.653+08:00  WARN 23860 --- [nio-8080-exec-6] .w.s.m.s.DefaultHandlerExceptionResolver : Resolved [org.springframework.web.method.annotation.MethodArgumentTypeMismatchException: Failed to convert value of type 'java.lang.String' to required type 'java.lang.Long'; For input string: "nBMaUNsgxZPD2t0H22j6ptbpLV22"]
2026-05-01T23:04:51.126+08:00  WARN 23860 --- [nio-8080-exec-7] .w.s.m.s.DefaultHandlerExceptionResolver : Resolved [org.springframework.web.method.annotation.MethodArgumentTypeMismatchException: Failed to convert value of type 'java.lang.String' to required type 'java.lang.Long'; For input string: "nBMaUNsgxZPD2t0H22j6ptbpLV22"]
2026-05-01T23:04:51.141+08:00  WARN 23860 --- [nio-8080-exec-8] .w.s.m.s.DefaultHandlerExceptionResolver : Resolved [org.springframework.web.method.annotation.MethodArgumentTypeMismatchException: Failed to convert value of type 'java.lang.String' to required type 'java.lang.Long'; For input string: "nBMaUNsgxZPD2t0H22j6ptbpLV22"]
Hibernate: 
    select
        u1_0.id 
    from
        users u1_0 
    where
        u1_0.email=? 
    fetch
        first ? rows only
Hibernate: 
    insert 
    into
        users
        (email, google_uid, name, password) 
    values
        (?, ?, ?, ?)
Hibernate: 
    select
        u1_0.id,
        u1_0.email,
        u1_0.google_uid,
        u1_0.name,
        u1_0.password 
    from
        users u1_0 
    where
        u1_0.email=?
Hibernate: 
    select
        u1_0.id,
        u1_0.email,
        u1_0.google_uid,
        u1_0.name,
        u1_0.password 
    from
        users u1_0 
    where
        u1_0.id=?
Hibernate: 
    insert 
    into
        budgets
        (amount, icon, month, name, user_id, year) 
    values
        (?, ?, ?, ?, ?, ?)
Hibernate: 
    select
        b1_0.id,
        b1_0.amount,
        b1_0.icon,
        b1_0.month,
        b1_0.name,
        b1_0.user_id,
        b1_0.year 
    from
        budgets b1_0 
    where
        b1_0.id=?
Hibernate: 
    select
        u1_0.id,
        u1_0.email,
        u1_0.google_uid,
        u1_0.name,
        u1_0.password 
    from
        users u1_0 
    where
        u1_0.email=?
Hibernate: 
    insert 
    into
        expenses
        (amount, budget_id, date, description, user_id) 
    values
        (?, ?, ?, ?, ?)
Hibernate: 
    select
        b1_0.id,
        b1_0.amount,
        b1_0.icon,
        b1_0.month,
        b1_0.name,
        b1_0.user_id,
        b1_0.year 
    from
        budgets b1_0 
    where
        b1_0.id=?
Hibernate: 
    select
        u1_0.id,
        u1_0.email,
        u1_0.google_uid,
        u1_0.name,
        u1_0.password 
    from
        users u1_0 
    where
        u1_0.email=?
Hibernate: 
    insert 
    into
        expenses
        (amount, budget_id, date, description, user_id) 
    values
        (?, ?, ?, ?, ?)
Hibernate: 
    select
        b1_0.id,
        b1_0.amount,
        b1_0.icon,
        b1_0.month,
        b1_0.name,
        b1_0.user_id,
        b1_0.year 
    from
        budgets b1_0 
    where
        b1_0.id=?
Hibernate: 
    select
        u1_0.id,
        u1_0.email,
        u1_0.google_uid,
        u1_0.name,
        u1_0.password 
    from
        users u1_0 
    where
        u1_0.email=?
Hibernate: 
    insert 
    into
        expenses
        (amount, budget_id, date, description, user_id) 
    values
        (?, ?, ?, ?, ?)
Hibernate: 
    select
        u1_0.id,
        u1_0.email,
        u1_0.google_uid,
        u1_0.name,
        u1_0.password 
    from
        users u1_0 
    where
        u1_0.id=?
Hibernate: 
    insert 
    into
        budgets
        (amount, icon, month, name, user_id, year) 
    values
        (?, ?, ?, ?, ?, ?)
Hibernate: 
    select
        b1_0.id,
        b1_0.amount,
        b1_0.icon,
        b1_0.month,
        b1_0.name,
        b1_0.user_id,
        b1_0.year 
    from
        budgets b1_0 
    where
        b1_0.id=?
Hibernate: 
    select
        u1_0.id,
        u1_0.email,
        u1_0.google_uid,
        u1_0.name,
        u1_0.password 
    from
        users u1_0 
    where
        u1_0.email=?
Hibernate: 
    insert 
    into
        expenses
        (amount, budget_id, date, description, user_id) 
    values
        (?, ?, ?, ?, ?)
Hibernate: 
    select
        b1_0.id,
        b1_0.amount,
        b1_0.icon,
        b1_0.month,
        b1_0.name,
        b1_0.user_id,
        b1_0.year 
    from
        budgets b1_0 
    where
        b1_0.id=?
Hibernate: 
    select
        u1_0.id,
        u1_0.email,
        u1_0.google_uid,
        u1_0.name,
        u1_0.password 
    from
        users u1_0 
    where
        u1_0.email=?
Hibernate: 
    insert 
    into
        expenses
        (amount, budget_id, date, description, user_id) 
    values
        (?, ?, ?, ?, ?)
Hibernate: 
    select
        b1_0.id,
        b1_0.amount,
        b1_0.icon,
        b1_0.month,
        b1_0.name,
        b1_0.user_id,
        b1_0.year 
    from
        budgets b1_0 
    where
        b1_0.id=?
Hibernate: 
    select
        u1_0.id,
        u1_0.email,
        u1_0.google_uid,
        u1_0.name,
        u1_0.password 
    from
        users u1_0 
    where
        u1_0.email=?
Hibernate: 
    insert 
    into
        expenses
        (amount, budget_id, date, description, user_id) 
    values
        (?, ?, ?, ?, ?)
Hibernate: 
    select
        u1_0.id,
        u1_0.email,
        u1_0.google_uid,
        u1_0.name,
        u1_0.password 
    from
        users u1_0 
    where
        u1_0.id=?
Hibernate: 
    insert 
    into
        budgets
        (amount, icon, month, name, user_id, year) 
    values
        (?, ?, ?, ?, ?, ?)
Hibernate: 
    select
        b1_0.id,
        b1_0.amount,
        b1_0.icon,
        b1_0.month,
        b1_0.name,
        b1_0.user_id,
        b1_0.year 
    from
        budgets b1_0 
    where
        b1_0.id=?
Hibernate: 
    select
        u1_0.id,
        u1_0.email,
        u1_0.google_uid,
        u1_0.name,
        u1_0.password 
    from
        users u1_0 
    where
        u1_0.email=?
Hibernate: 
    insert 
    into
        expenses
        (amount, budget_id, date, description, user_id) 
    values
        (?, ?, ?, ?, ?)
Hibernate: 
    select
        b1_0.id,
        b1_0.amount,
        b1_0.icon,
        b1_0.month,
        b1_0.name,
        b1_0.user_id,
        b1_0.year 
    from
        budgets b1_0 
    where
        b1_0.id=?
Hibernate: 
    select
        u1_0.id,
        u1_0.email,
        u1_0.google_uid,
        u1_0.name,
        u1_0.password 
    from
        users u1_0 
    where
        u1_0.email=?
Hibernate: 
    insert 
    into
        expenses
        (amount, budget_id, date, description, user_id) 
    values
        (?, ?, ?, ?, ?)
Hibernate: 
    select
        u1_0.id,
        u1_0.email,
        u1_0.google_uid,
        u1_0.name,
        u1_0.password 
    from
        users u1_0 
    where
        u1_0.email=?
Hibernate: 
    select
        u1_0.id,
        u1_0.email,
        u1_0.google_uid,
        u1_0.name,
        u1_0.password 
    from
        users u1_0 
    where
        u1_0.id=?
Hibernate: 
    select
        b1_0.id,
        b1_0.amount,
        b1_0.icon,
        b1_0.month,
        b1_0.name,
        b1_0.user_id,
        b1_0.year 
    from
        budgets b1_0 
    where
        b1_0.user_id=?
Hibernate: 
    select
        e1_0.budget_id,
        e1_0.id,
        e1_0.amount,
        e1_0.date,
        e1_0.description,
        e1_0.user_id 
    from
        expenses e1_0 
    where
        e1_0.budget_id=?
Hibernate: 
    select
        e1_0.budget_id,
        e1_0.id,
        e1_0.amount,
        e1_0.date,
        e1_0.description,
        e1_0.user_id 
    from
        expenses e1_0 
    where
        e1_0.budget_id=?
Hibernate: 
    select
        e1_0.budget_id,
        e1_0.id,
        e1_0.amount,
        e1_0.date,
        e1_0.description,
        e1_0.user_id 
    from
        expenses e1_0 
    where
        e1_0.budget_id=?
Hibernate: 
    select
        u1_0.id,
        u1_0.email,
        u1_0.google_uid,
        u1_0.name,
        u1_0.password 
    from
        users u1_0 
    where
        u1_0.id=?
Hibernate: 
    select
        b1_0.id,
        b1_0.amount,
        b1_0.icon,
        b1_0.month,
        b1_0.name,
        b1_0.user_id,
        b1_0.year 
    from
        budgets b1_0 
    where
        b1_0.user_id=?
Hibernate: 
    select
        e1_0.budget_id,
        e1_0.id,
        e1_0.amount,
        e1_0.date,
        e1_0.description,
        e1_0.user_id 
    from
        expenses e1_0 
    where
        e1_0.budget_id=?
Hibernate: 
    select
        e1_0.budget_id,
        e1_0.id,
        e1_0.amount,
        e1_0.date,
        e1_0.description,
        e1_0.user_id 
    from
        expenses e1_0 
    where
        e1_0.budget_id=?
Hibernate: 
    select
        e1_0.budget_id,
        e1_0.id,
        e1_0.amount,
        e1_0.date,
        e1_0.description,
        e1_0.user_id 
    from
        expenses e1_0 
    where
        e1_0.budget_id=?
Hibernate: 
    select
        u1_0.id,
        u1_0.email,
        u1_0.google_uid,
        u1_0.name,
        u1_0.password 
    from
        users u1_0 
    where
        u1_0.email=?
Hibernate: 
    select
        b1_0.id,
        b1_0.amount,
        b1_0.icon,
        b1_0.month,
        b1_0.name,
        b1_0.user_id,
        b1_0.year 
    from
        budgets b1_0 
    where
        b1_0.user_id=?
Hibernate: 
    select
        e1_0.budget_id,
        e1_0.id,
        e1_0.amount,
        e1_0.date,
        e1_0.description,
        e1_0.user_id 
    from
        expenses e1_0 
    where
        e1_0.budget_id=?
Hibernate: 
    select
        e1_0.budget_id,
        e1_0.id,
        e1_0.amount,
        e1_0.date,
        e1_0.description,
        e1_0.user_id 
    from
        expenses e1_0 
    where
        e1_0.budget_id=?
Hibernate: 
    select
        e1_0.budget_id,
        e1_0.id,
        e1_0.amount,
        e1_0.date,
        e1_0.description,
        e1_0.user_id 
    from
        expenses e1_0 
    where
        e1_0.budget_id=?
Hibernate: 
    select
        u1_0.id,
        u1_0.email,
        u1_0.google_uid,
        u1_0.name,
        u1_0.password 
    from
        users u1_0 
    where
        u1_0.email=?
Hibernate: 
    select
        b1_0.id,
        b1_0.amount,
        b1_0.icon,
        b1_0.month,
        b1_0.name,
        b1_0.user_id,
        b1_0.year 
    from
        budgets b1_0 
    where
        b1_0.user_id=?
Hibernate: 
    select
        e1_0.budget_id,
        e1_0.id,
        e1_0.amount,
        e1_0.date,
        e1_0.description,
        e1_0.user_id 
    from
        expenses e1_0 
    where
        e1_0.budget_id=?
Hibernate: 
    select
        e1_0.budget_id,
        e1_0.id,
        e1_0.amount,
        e1_0.date,
        e1_0.description,
        e1_0.user_id 
    from
        expenses e1_0 
    where
        e1_0.budget_id=?
Hibernate: 
    select
        e1_0.budget_id,
        e1_0.id,
        e1_0.amount,
        e1_0.date,
        e1_0.description,
        e1_0.user_id 
    from
        expenses e1_0 
    where
        e1_0.budget_id=?
Hibernate: 
    select
        b1_0.id,
        b1_0.amount,
        b1_0.icon,
        b1_0.month,
        b1_0.name,
        b1_0.user_id,
        b1_0.year 
    from
        budgets b1_0 
    where
        b1_0.id=?
Hibernate: 
    select
        u1_0.id,
        u1_0.email,
        u1_0.google_uid,
        u1_0.name,
        u1_0.password 
    from
        users u1_0 
    where
        u1_0.email=?
Hibernate: 
    select
        e1_0.budget_id,
        e1_0.id,
        e1_0.amount,
        e1_0.date,
        e1_0.description,
        e1_0.user_id 
    from
        expenses e1_0 
    where
        e1_0.budget_id=?
Hibernate: 
    select
        b1_0.id,
        b1_0.amount,
        b1_0.icon,
        b1_0.month,
        b1_0.name,
        b1_0.user_id,
        b1_0.year 
    from
        budgets b1_0 
    where
        b1_0.id=?
Hibernate: 
    select
        u1_0.id,
        u1_0.email,
        u1_0.google_uid,
        u1_0.name,
        u1_0.password 
    from
        users u1_0 
    where
        u1_0.email=?
Hibernate: 
    select
        e1_0.budget_id,
        e1_0.id,
        e1_0.amount,
        e1_0.date,
        e1_0.description,
        e1_0.user_id 
    from
        expenses e1_0 
    where
        e1_0.budget_id=?
Hibernate: 
    select
        u1_0.id,
        u1_0.email,
        u1_0.google_uid,
        u1_0.name,
        u1_0.password 
    from
        users u1_0 
    where
        u1_0.email=?
Hibernate: 
    select
        e1_0.id,
        e1_0.amount,
        e1_0.budget_id,
        e1_0.date,
        e1_0.description,
        e1_0.user_id 
    from
        expenses e1_0 
    left join
        users u1_0 
            on u1_0.id=e1_0.user_id 
    where
        u1_0.email=?
Hibernate: 
    select
        b1_0.id,
        b1_0.amount,
        b1_0.icon,
        b1_0.month,
        b1_0.name,
        b1_0.user_id,
        b1_0.year 
    from
        budgets b1_0 
    where
        b1_0.id=?
2026-05-01T23:06:46.735+08:00 ERROR 23860 --- [nio-8080-exec-8] o.a.c.c.C.[.[.[/].[dispatcherServlet]    : Servlet.service() for servlet [dispatcherServlet] in context with path [] threw exception [Request processing failed: org.springframework.http.converter.HttpMessageConversionException: Type definition error: [simple type, class org.hibernate.proxy.pojo.bytebuddy.ByteBuddyInterceptor]] with root cause

com.fasterxml.jackson.databind.exc.InvalidDefinitionException: No serializer found for class org.hibernate.proxy.pojo.bytebuddy.ByteBuddyInterceptor and no properties discovered to create BeanSerializer (to avoid exception, disable SerializationFeature.FAIL_ON_EMPTY_BEANS) (through reference chain: java.util.ArrayList[0]->com.rahimi.expensetracker.model.Expense["budget"]->com.rahimi.expensetracker.model.Budget$HibernateProxy$GfoK7o84["hibernateLazyInitializer"])
	at com.fasterxml.jackson.databind.exc.InvalidDefinitionException.from(InvalidDefinitionException.java:77) ~[jackson-databind-2.15.4.jar:2.15.4]
	at com.fasterxml.jackson.databind.SerializerProvider.reportBadDefinition(SerializerProvider.java:1308) ~[jackson-databind-2.15.4.jar:2.15.4]
	at com.fasterxml.jackson.databind.DatabindContext.reportBadDefinition(DatabindContext.java:414) ~[jackson-databind-2.15.4.jar:2.15.4]
	at com.fasterxml.jackson.databind.ser.impl.UnknownSerializer.failForEmpty(UnknownSerializer.java:53) ~[jackson-databind-2.15.4.jar:2.15.4]
	at com.fasterxml.jackson.databind.ser.impl.UnknownSerializer.serialize(UnknownSerializer.java:30) ~[jackson-databind-2.15.4.jar:2.15.4]
	at com.fasterxml.jackson.databind.ser.BeanPropertyWriter.serializeAsField(BeanPropertyWriter.java:732) ~[jackson-databind-2.15.4.jar:2.15.4]
	at com.fasterxml.jackson.databind.ser.std.BeanSerializerBase.serializeFields(BeanSerializerBase.java:772) ~[jackson-databind-2.15.4.jar:2.15.4]
	at com.fasterxml.jackson.databind.ser.BeanSerializer.serialize(BeanSerializer.java:178) ~[jackson-databind-2.15.4.jar:2.15.4]
	at com.fasterxml.jackson.databind.ser.BeanPropertyWriter.serializeAsField(BeanPropertyWriter.java:732) ~[jackson-databind-2.15.4.jar:2.15.4]
	at com.fasterxml.jackson.databind.ser.std.BeanSerializerBase.serializeFields(BeanSerializerBase.java:772) ~[jackson-databind-2.15.4.jar:2.15.4]
	at com.fasterxml.jackson.databind.ser.BeanSerializer.serialize(BeanSerializer.java:178) ~[jackson-databind-2.15.4.jar:2.15.4]
	at com.fasterxml.jackson.databind.ser.impl.IndexedListSerializer.serializeContents(IndexedListSerializer.java:119) ~[jackson-databind-2.15.4.jar:2.15.4]
	at com.fasterxml.jackson.databind.ser.impl.IndexedListSerializer.serialize(IndexedListSerializer.java:79) ~[jackson-databind-2.15.4.jar:2.15.4]
	at com.fasterxml.jackson.databind.ser.impl.IndexedListSerializer.serialize(IndexedListSerializer.java:18) ~[jackson-databind-2.15.4.jar:2.15.4]
	at com.fasterxml.jackson.databind.ser.DefaultSerializerProvider._serialize(DefaultSerializerProvider.java:479) ~[jackson-databind-2.15.4.jar:2.15.4]
	at com.fasterxml.jackson.databind.ser.DefaultSerializerProvider.serializeValue(DefaultSerializerProvider.java:318) ~[jackson-databind-2.15.4.jar:2.15.4]
	at com.fasterxml.jackson.databind.ObjectWriter$Prefetch.serialize(ObjectWriter.java:1572) ~[jackson-databind-2.15.4.jar:2.15.4]
	at com.fasterxml.jackson.databind.ObjectWriter.writeValue(ObjectWriter.java:1061) ~[jackson-databind-2.15.4.jar:2.15.4]
	at org.springframework.http.converter.json.AbstractJackson2HttpMessageConverter.writeInternal(AbstractJackson2HttpMessageConverter.java:483) ~[spring-web-6.1.6.jar:6.1.6]
	at org.springframework.http.converter.AbstractGenericHttpMessageConverter.write(AbstractGenericHttpMessageConverter.java:114) ~[spring-web-6.1.6.jar:6.1.6]
	at org.springframework.web.servlet.mvc.method.annotation.AbstractMessageConverterMethodProcessor.writeWithMessageConverters(AbstractMessageConverterMethodProcessor.java:297) ~[spring-webmvc-6.1.6.jar:6.1.6]
	at org.springframework.web.servlet.mvc.method.annotation.HttpEntityMethodProcessor.handleReturnValue(HttpEntityMethodProcessor.java:245) ~[spring-webmvc-6.1.6.jar:6.1.6]
	at org.springframework.web.method.support.HandlerMethodReturnValueHandlerComposite.handleReturnValue(HandlerMethodReturnValueHandlerComposite.java:78) ~[spring-web-6.1.6.jar:6.1.6]
	at org.springframework.web.servlet.mvc.method.annotation.ServletInvocableHandlerMethod.invokeAndHandle(ServletInvocableHandlerMethod.java:136) ~[spring-webmvc-6.1.6.jar:6.1.6]
	at org.springframework.web.servlet.mvc.method.annotation.RequestMappingHandlerAdapter.invokeHandlerMethod(RequestMappingHandlerAdapter.java:926) ~[spring-webmvc-6.1.6.jar:6.1.6]
	at org.springframework.web.servlet.mvc.method.annotation.RequestMappingHandlerAdapter.handleInternal(RequestMappingHandlerAdapter.java:831) ~[spring-webmvc-6.1.6.jar:6.1.6]
	at org.springframework.web.servlet.mvc.method.AbstractHandlerMethodAdapter.handle(AbstractHandlerMethodAdapter.java:87) ~[spring-webmvc-6.1.6.jar:6.1.6]
	at org.springframework.web.servlet.DispatcherServlet.doDispatch(DispatcherServlet.java:1089) ~[spring-webmvc-6.1.6.jar:6.1.6]
	at org.springframework.web.servlet.DispatcherServlet.doService(DispatcherServlet.java:979) ~[spring-webmvc-6.1.6.jar:6.1.6]
	at org.springframework.web.servlet.FrameworkServlet.processRequest(FrameworkServlet.java:1014) ~[spring-webmvc-6.1.6.jar:6.1.6]
	at org.springframework.web.servlet.FrameworkServlet.doGet(FrameworkServlet.java:903) ~[spring-webmvc-6.1.6.jar:6.1.6]
	at jakarta.servlet.http.HttpServlet.service(HttpServlet.java:564) ~[tomcat-embed-core-10.1.20.jar:6.0]
	at org.springframework.web.servlet.FrameworkServlet.service(FrameworkServlet.java:885) ~[spring-webmvc-6.1.6.jar:6.1.6]
	at jakarta.servlet.http.HttpServlet.service(HttpServlet.java:658) ~[tomcat-embed-core-10.1.20.jar:6.0]
	at org.apache.catalina.core.ApplicationFilterChain.internalDoFilter(ApplicationFilterChain.java:206) ~[tomcat-embed-core-10.1.20.jar:10.1.20]
	at org.apache.catalina.core.ApplicationFilterChain.doFilter(ApplicationFilterChain.java:150) ~[tomcat-embed-core-10.1.20.jar:10.1.20]
	at org.apache.tomcat.websocket.server.WsFilter.doFilter(WsFilter.java:51) ~[tomcat-embed-websocket-10.1.20.jar:10.1.20]
	at org.apache.catalina.core.ApplicationFilterChain.internalDoFilter(ApplicationFilterChain.java:175) ~[tomcat-embed-core-10.1.20.jar:10.1.20]
	at org.apache.catalina.core.ApplicationFilterChain.doFilter(ApplicationFilterChain.java:150) ~[tomcat-embed-core-10.1.20.jar:10.1.20]
	at org.springframework.web.filter.OncePerRequestFilter.doFilter(OncePerRequestFilter.java:110) ~[spring-web-6.1.6.jar:6.1.6]
	at org.apache.catalina.core.ApplicationFilterChain.internalDoFilter(ApplicationFilterChain.java:175) ~[tomcat-embed-core-10.1.20.jar:10.1.20]
	at org.apache.catalina.core.ApplicationFilterChain.doFilter(ApplicationFilterChain.java:150) ~[tomcat-embed-core-10.1.20.jar:10.1.20]
	at org.springframework.web.filter.CompositeFilter$VirtualFilterChain.doFilter(CompositeFilter.java:108) ~[spring-web-6.1.6.jar:6.1.6]
	at org.springframework.security.web.FilterChainProxy.lambda$doFilterInternal$3(FilterChainProxy.java:231) ~[spring-security-web-6.2.4.jar:6.2.4]
	at org.springframework.security.web.FilterChainProxy$VirtualFilterChain.doFilter(FilterChainProxy.java:365) ~[spring-security-web-6.2.4.jar:6.2.4]
	at org.springframework.security.web.access.intercept.AuthorizationFilter.doFilter(AuthorizationFilter.java:100) ~[spring-security-web-6.2.4.jar:6.2.4]
	at org.springframework.security.web.FilterChainProxy$VirtualFilterChain.doFilter(FilterChainProxy.java:374) ~[spring-security-web-6.2.4.jar:6.2.4]
	at org.springframework.security.web.access.ExceptionTranslationFilter.doFilter(ExceptionTranslationFilter.java:126) ~[spring-security-web-6.2.4.jar:6.2.4]
	at org.springframework.security.web.access.ExceptionTranslationFilter.doFilter(ExceptionTranslationFilter.java:120) ~[spring-security-web-6.2.4.jar:6.2.4]
	at org.springframework.security.web.FilterChainProxy$VirtualFilterChain.doFilter(FilterChainProxy.java:374) ~[spring-security-web-6.2.4.jar:6.2.4]
	at org.springframework.security.web.session.SessionManagementFilter.doFilter(SessionManagementFilter.java:131) ~[spring-security-web-6.2.4.jar:6.2.4]
	at org.springframework.security.web.session.SessionManagementFilter.doFilter(SessionManagementFilter.java:85) ~[spring-security-web-6.2.4.jar:6.2.4]
	at org.springframework.security.web.FilterChainProxy$VirtualFilterChain.doFilter(FilterChainProxy.java:374) ~[spring-security-web-6.2.4.jar:6.2.4]
	at org.springframework.security.web.authentication.AnonymousAuthenticationFilter.doFilter(AnonymousAuthenticationFilter.java:100) ~[spring-security-web-6.2.4.jar:6.2.4]
	at org.springframework.security.web.FilterChainProxy$VirtualFilterChain.doFilter(FilterChainProxy.java:374) ~[spring-security-web-6.2.4.jar:6.2.4]
	at org.springframework.security.web.servletapi.SecurityContextHolderAwareRequestFilter.doFilter(SecurityContextHolderAwareRequestFilter.java:179) ~[spring-security-web-6.2.4.jar:6.2.4]
	at org.springframework.security.web.FilterChainProxy$VirtualFilterChain.doFilter(FilterChainProxy.java:374) ~[spring-security-web-6.2.4.jar:6.2.4]
	at org.springframework.security.web.savedrequest.RequestCacheAwareFilter.doFilter(RequestCacheAwareFilter.java:63) ~[spring-security-web-6.2.4.jar:6.2.4]
	at org.springframework.security.web.FilterChainProxy$VirtualFilterChain.doFilter(FilterChainProxy.java:374) ~[spring-security-web-6.2.4.jar:6.2.4]
	at org.springframework.security.web.authentication.logout.LogoutFilter.doFilter(LogoutFilter.java:107) ~[spring-security-web-6.2.4.jar:6.2.4]
	at org.springframework.security.web.authentication.logout.LogoutFilter.doFilter(LogoutFilter.java:93) ~[spring-security-web-6.2.4.jar:6.2.4]
	at org.springframework.security.web.FilterChainProxy$VirtualFilterChain.doFilter(FilterChainProxy.java:374) ~[spring-security-web-6.2.4.jar:6.2.4]
	at org.springframework.web.filter.CorsFilter.doFilterInternal(CorsFilter.java:91) ~[spring-web-6.1.6.jar:6.1.6]
	at org.springframework.web.filter.OncePerRequestFilter.doFilter(OncePerRequestFilter.java:116) ~[spring-web-6.1.6.jar:6.1.6]
	at org.springframework.security.web.FilterChainProxy$VirtualFilterChain.doFilter(FilterChainProxy.java:374) ~[spring-security-web-6.2.4.jar:6.2.4]
	at org.springframework.security.web.header.HeaderWriterFilter.doHeadersAfter(HeaderWriterFilter.java:90) ~[spring-security-web-6.2.4.jar:6.2.4]
	at org.springframework.security.web.header.HeaderWriterFilter.doFilterInternal(HeaderWriterFilter.java:75) ~[spring-security-web-6.2.4.jar:6.2.4]
	at org.springframework.web.filter.OncePerRequestFilter.doFilter(OncePerRequestFilter.java:116) ~[spring-web-6.1.6.jar:6.1.6]
	at org.springframework.security.web.FilterChainProxy$VirtualFilterChain.doFilter(FilterChainProxy.java:374) ~[spring-security-web-6.2.4.jar:6.2.4]
	at org.springframework.security.web.context.SecurityContextHolderFilter.doFilter(SecurityContextHolderFilter.java:82) ~[spring-security-web-6.2.4.jar:6.2.4]
	at org.springframework.security.web.context.SecurityContextHolderFilter.doFilter(SecurityContextHolderFilter.java:69) ~[spring-security-web-6.2.4.jar:6.2.4]
	at org.springframework.security.web.FilterChainProxy$VirtualFilterChain.doFilter(FilterChainProxy.java:374) ~[spring-security-web-6.2.4.jar:6.2.4]
	at org.springframework.security.web.context.request.async.WebAsyncManagerIntegrationFilter.doFilterInternal(WebAsyncManagerIntegrationFilter.java:62) ~[spring-security-web-6.2.4.jar:6.2.4]
	at org.springframework.web.filter.OncePerRequestFilter.doFilter(OncePerRequestFilter.java:116) ~[spring-web-6.1.6.jar:6.1.6]
	at org.springframework.security.web.FilterChainProxy$VirtualFilterChain.doFilter(FilterChainProxy.java:374) ~[spring-security-web-6.2.4.jar:6.2.4]
	at org.springframework.security.web.session.DisableEncodeUrlFilter.doFilterInternal(DisableEncodeUrlFilter.java:42) ~[spring-security-web-6.2.4.jar:6.2.4]
	at org.springframework.web.filter.OncePerRequestFilter.doFilter(OncePerRequestFilter.java:116) ~[spring-web-6.1.6.jar:6.1.6]
	at org.springframework.security.web.FilterChainProxy$VirtualFilterChain.doFilter(FilterChainProxy.java:374) ~[spring-security-web-6.2.4.jar:6.2.4]
	at org.springframework.security.web.FilterChainProxy.doFilterInternal(FilterChainProxy.java:233) ~[spring-security-web-6.2.4.jar:6.2.4]
	at org.springframework.security.web.FilterChainProxy.doFilter(FilterChainProxy.java:191) ~[spring-security-web-6.2.4.jar:6.2.4]
	at org.springframework.web.filter.CompositeFilter$VirtualFilterChain.doFilter(CompositeFilter.java:113) ~[spring-web-6.1.6.jar:6.1.6]
	at org.springframework.web.servlet.handler.HandlerMappingIntrospector.lambda$createCacheFilter$3(HandlerMappingIntrospector.java:195) ~[spring-webmvc-6.1.6.jar:6.1.6]
	at org.springframework.web.filter.CompositeFilter$VirtualFilterChain.doFilter(CompositeFilter.java:113) ~[spring-web-6.1.6.jar:6.1.6]
	at org.springframework.web.filter.CompositeFilter.doFilter(CompositeFilter.java:74) ~[spring-web-6.1.6.jar:6.1.6]
	at org.springframework.security.config.annotation.web.configuration.WebMvcSecurityConfiguration$CompositeFilterChainProxy.doFilter(WebMvcSecurityConfiguration.java:230) ~[spring-security-config-6.2.4.jar:6.2.4]
	at org.springframework.web.filter.DelegatingFilterProxy.invokeDelegate(DelegatingFilterProxy.java:352) ~[spring-web-6.1.6.jar:6.1.6]
	at org.springframework.web.filter.DelegatingFilterProxy.doFilter(DelegatingFilterProxy.java:268) ~[spring-web-6.1.6.jar:6.1.6]
	at org.apache.catalina.core.ApplicationFilterChain.internalDoFilter(ApplicationFilterChain.java:175) ~[tomcat-embed-core-10.1.20.jar:10.1.20]
	at org.apache.catalina.core.ApplicationFilterChain.doFilter(ApplicationFilterChain.java:150) ~[tomcat-embed-core-10.1.20.jar:10.1.20]
	at org.springframework.web.filter.RequestContextFilter.doFilterInternal(RequestContextFilter.java:100) ~[spring-web-6.1.6.jar:6.1.6]
	at org.springframework.web.filter.OncePerRequestFilter.doFilter(OncePerRequestFilter.java:116) ~[spring-web-6.1.6.jar:6.1.6]
	at org.apache.catalina.core.ApplicationFilterChain.internalDoFilter(ApplicationFilterChain.java:175) ~[tomcat-embed-core-10.1.20.jar:10.1.20]
	at org.apache.catalina.core.ApplicationFilterChain.doFilter(ApplicationFilterChain.java:150) ~[tomcat-embed-core-10.1.20.jar:10.1.20]
	at org.springframework.web.filter.FormContentFilter.doFilterInternal(FormContentFilter.java:93) ~[spring-web-6.1.6.jar:6.1.6]
	at org.springframework.web.filter.OncePerRequestFilter.doFilter(OncePerRequestFilter.java:116) ~[spring-web-6.1.6.jar:6.1.6]
	at org.apache.catalina.core.ApplicationFilterChain.internalDoFilter(ApplicationFilterChain.java:175) ~[tomcat-embed-core-10.1.20.jar:10.1.20]
	at org.apache.catalina.core.ApplicationFilterChain.doFilter(ApplicationFilterChain.java:150) ~[tomcat-embed-core-10.1.20.jar:10.1.20]
	at org.springframework.web.filter.CharacterEncodingFilter.doFilterInternal(CharacterEncodingFilter.java:201) ~[spring-web-6.1.6.jar:6.1.6]
	at org.springframework.web.filter.OncePerRequestFilter.doFilter(OncePerRequestFilter.java:116) ~[spring-web-6.1.6.jar:6.1.6]
	at org.apache.catalina.core.ApplicationFilterChain.internalDoFilter(ApplicationFilterChain.java:175) ~[tomcat-embed-core-10.1.20.jar:10.1.20]
	at org.apache.catalina.core.ApplicationFilterChain.doFilter(ApplicationFilterChain.java:150) ~[tomcat-embed-core-10.1.20.jar:10.1.20]
	at org.apache.catalina.core.StandardWrapperValve.invoke(StandardWrapperValve.java:167) ~[tomcat-embed-core-10.1.20.jar:10.1.20]
	at org.apache.catalina.core.StandardContextValve.invoke(StandardContextValve.java:90) ~[tomcat-embed-core-10.1.20.jar:10.1.20]
	at org.apache.catalina.authenticator.AuthenticatorBase.invoke(AuthenticatorBase.java:482) ~[tomcat-embed-core-10.1.20.jar:10.1.20]
	at org.apache.catalina.core.StandardHostValve.invoke(StandardHostValve.java:115) ~[tomcat-embed-core-10.1.20.jar:10.1.20]
	at org.apache.catalina.valves.ErrorReportValve.invoke(ErrorReportValve.java:93) ~[tomcat-embed-core-10.1.20.jar:10.1.20]
	at org.apache.catalina.core.StandardEngineValve.invoke(StandardEngineValve.java:74) ~[tomcat-embed-core-10.1.20.jar:10.1.20]
	at org.apache.catalina.connector.CoyoteAdapter.service(CoyoteAdapter.java:344) ~[tomcat-embed-core-10.1.20.jar:10.1.20]
	at org.apache.coyote.http11.Http11Processor.service(Http11Processor.java:391) ~[tomcat-embed-core-10.1.20.jar:10.1.20]
	at org.apache.coyote.AbstractProcessorLight.process(AbstractProcessorLight.java:63) ~[tomcat-embed-core-10.1.20.jar:10.1.20]
	at org.apache.coyote.AbstractProtocol$ConnectionHandler.process(AbstractProtocol.java:896) ~[tomcat-embed-core-10.1.20.jar:10.1.20]
	at org.apache.tomcat.util.net.NioEndpoint$SocketProcessor.doRun(NioEndpoint.java:1736) ~[tomcat-embed-core-10.1.20.jar:10.1.20]
	at org.apache.tomcat.util.net.SocketProcessorBase.run(SocketProcessorBase.java:52) ~[tomcat-embed-core-10.1.20.jar:10.1.20]
	at org.apache.tomcat.util.threads.ThreadPoolExecutor.runWorker(ThreadPoolExecutor.java:1191) ~[tomcat-embed-core-10.1.20.jar:10.1.20]
	at org.apache.tomcat.util.threads.ThreadPoolExecutor$Worker.run(ThreadPoolExecutor.java:659) ~[tomcat-embed-core-10.1.20.jar:10.1.20]
	at org.apache.tomcat.util.threads.TaskThread$WrappingRunnable.run(TaskThread.java:63) ~[tomcat-embed-core-10.1.20.jar:10.1.20]
	at java.base/java.lang.Thread.run(Thread.java:840) ~[na:na]

Hibernate: 
    select
        u1_0.id,
        u1_0.email,
        u1_0.google_uid,
        u1_0.name,
        u1_0.password 
    from
        users u1_0 
    where
        u1_0.email=?
Hibernate: 
    select
        e1_0.id,
        e1_0.amount,
        e1_0.budget_id,
        e1_0.date,
        e1_0.description,
        e1_0.user_id 
    from
        expenses e1_0 
    left join
        users u1_0 
            on u1_0.id=e1_0.user_id 
    where
        u1_0.email=?
Hibernate: 
    select
        b1_0.id,
        b1_0.amount,
        b1_0.icon,
        b1_0.month,
        b1_0.name,
        b1_0.user_id,
        b1_0.year 
    from
        budgets b1_0 
    where
        b1_0.id=?
2026-05-01T23:06:46.767+08:00 ERROR 23860 --- [nio-8080-exec-9] o.a.c.c.C.[.[.[/].[dispatcherServlet]    : Servlet.service() for servlet [dispatcherServlet] in context with path [] threw exception [Request processing failed: org.springframework.http.converter.HttpMessageConversionException: Type definition error: [simple type, class org.hibernate.proxy.pojo.bytebuddy.ByteBuddyInterceptor]] with root cause

com.fasterxml.jackson.databind.exc.InvalidDefinitionException: No serializer found for class org.hibernate.proxy.pojo.bytebuddy.ByteBuddyInterceptor and no properties discovered to create BeanSerializer (to avoid exception, disable SerializationFeature.FAIL_ON_EMPTY_BEANS) (through reference chain: java.util.ArrayList[0]->com.rahimi.expensetracker.model.Expense["budget"]->com.rahimi.expensetracker.model.Budget$HibernateProxy$GfoK7o84["hibernateLazyInitializer"])
	at com.fasterxml.jackson.databind.exc.InvalidDefinitionException.from(InvalidDefinitionException.java:77) ~[jackson-databind-2.15.4.jar:2.15.4]
	at com.fasterxml.jackson.databind.SerializerProvider.reportBadDefinition(SerializerProvider.java:1308) ~[jackson-databind-2.15.4.jar:2.15.4]
	at com.fasterxml.jackson.databind.DatabindContext.reportBadDefinition(DatabindContext.java:414) ~[jackson-databind-2.15.4.jar:2.15.4]
	at com.fasterxml.jackson.databind.ser.impl.UnknownSerializer.failForEmpty(UnknownSerializer.java:53) ~[jackson-databind-2.15.4.jar:2.15.4]
	at com.fasterxml.jackson.databind.ser.impl.UnknownSerializer.serialize(UnknownSerializer.java:30) ~[jackson-databind-2.15.4.jar:2.15.4]
	at com.fasterxml.jackson.databind.ser.BeanPropertyWriter.serializeAsField(BeanPropertyWriter.java:732) ~[jackson-databind-2.15.4.jar:2.15.4]
	at com.fasterxml.jackson.databind.ser.std.BeanSerializerBase.serializeFields(BeanSerializerBase.java:772) ~[jackson-databind-2.15.4.jar:2.15.4]
	at com.fasterxml.jackson.databind.ser.BeanSerializer.serialize(BeanSerializer.java:178) ~[jackson-databind-2.15.4.jar:2.15.4]
	at com.fasterxml.jackson.databind.ser.BeanPropertyWriter.serializeAsField(BeanPropertyWriter.java:732) ~[jackson-databind-2.15.4.jar:2.15.4]
	at com.fasterxml.jackson.databind.ser.std.BeanSerializerBase.serializeFields(BeanSerializerBase.java:772) ~[jackson-databind-2.15.4.jar:2.15.4]
	at com.fasterxml.jackson.databind.ser.BeanSerializer.serialize(BeanSerializer.java:178) ~[jackson-databind-2.15.4.jar:2.15.4]
	at com.fasterxml.jackson.databind.ser.impl.IndexedListSerializer.serializeContents(IndexedListSerializer.java:119) ~[jackson-databind-2.15.4.jar:2.15.4]
	at com.fasterxml.jackson.databind.ser.impl.IndexedListSerializer.serialize(IndexedListSerializer.java:79) ~[jackson-databind-2.15.4.jar:2.15.4]
	at com.fasterxml.jackson.databind.ser.impl.IndexedListSerializer.serialize(IndexedListSerializer.java:18) ~[jackson-databind-2.15.4.jar:2.15.4]
	at com.fasterxml.jackson.databind.ser.DefaultSerializerProvider._serialize(DefaultSerializerProvider.java:479) ~[jackson-databind-2.15.4.jar:2.15.4]
	at com.fasterxml.jackson.databind.ser.DefaultSerializerProvider.serializeValue(DefaultSerializerProvider.java:318) ~[jackson-databind-2.15.4.jar:2.15.4]
	at com.fasterxml.jackson.databind.ObjectWriter$Prefetch.serialize(ObjectWriter.java:1572) ~[jackson-databind-2.15.4.jar:2.15.4]
	at com.fasterxml.jackson.databind.ObjectWriter.writeValue(ObjectWriter.java:1061) ~[jackson-databind-2.15.4.jar:2.15.4]
	at org.springframework.http.converter.json.AbstractJackson2HttpMessageConverter.writeInternal(AbstractJackson2HttpMessageConverter.java:483) ~[spring-web-6.1.6.jar:6.1.6]
	at org.springframework.http.converter.AbstractGenericHttpMessageConverter.write(AbstractGenericHttpMessageConverter.java:114) ~[spring-web-6.1.6.jar:6.1.6]
	at org.springframework.web.servlet.mvc.method.annotation.AbstractMessageConverterMethodProcessor.writeWithMessageConverters(AbstractMessageConverterMethodProcessor.java:297) ~[spring-webmvc-6.1.6.jar:6.1.6]
	at org.springframework.web.servlet.mvc.method.annotation.HttpEntityMethodProcessor.handleReturnValue(HttpEntityMethodProcessor.java:245) ~[spring-webmvc-6.1.6.jar:6.1.6]
	at org.springframework.web.method.support.HandlerMethodReturnValueHandlerComposite.handleReturnValue(HandlerMethodReturnValueHandlerComposite.java:78) ~[spring-web-6.1.6.jar:6.1.6]
	at org.springframework.web.servlet.mvc.method.annotation.ServletInvocableHandlerMethod.invokeAndHandle(ServletInvocableHandlerMethod.java:136) ~[spring-webmvc-6.1.6.jar:6.1.6]
	at org.springframework.web.servlet.mvc.method.annotation.RequestMappingHandlerAdapter.invokeHandlerMethod(RequestMappingHandlerAdapter.java:926) ~[spring-webmvc-6.1.6.jar:6.1.6]
	at org.springframework.web.servlet.mvc.method.annotation.RequestMappingHandlerAdapter.handleInternal(RequestMappingHandlerAdapter.java:831) ~[spring-webmvc-6.1.6.jar:6.1.6]
	at org.springframework.web.servlet.mvc.method.AbstractHandlerMethodAdapter.handle(AbstractHandlerMethodAdapter.java:87) ~[spring-webmvc-6.1.6.jar:6.1.6]
	at org.springframework.web.servlet.DispatcherServlet.doDispatch(DispatcherServlet.java:1089) ~[spring-webmvc-6.1.6.jar:6.1.6]
	at org.springframework.web.servlet.DispatcherServlet.doService(DispatcherServlet.java:979) ~[spring-webmvc-6.1.6.jar:6.1.6]
	at org.springframework.web.servlet.FrameworkServlet.processRequest(FrameworkServlet.java:1014) ~[spring-webmvc-6.1.6.jar:6.1.6]
	at org.springframework.web.servlet.FrameworkServlet.doGet(FrameworkServlet.java:903) ~[spring-webmvc-6.1.6.jar:6.1.6]
	at jakarta.servlet.http.HttpServlet.service(HttpServlet.java:564) ~[tomcat-embed-core-10.1.20.jar:6.0]
	at org.springframework.web.servlet.FrameworkServlet.service(FrameworkServlet.java:885) ~[spring-webmvc-6.1.6.jar:6.1.6]
	at jakarta.servlet.http.HttpServlet.service(HttpServlet.java:658) ~[tomcat-embed-core-10.1.20.jar:6.0]
	at org.apache.catalina.core.ApplicationFilterChain.internalDoFilter(ApplicationFilterChain.java:206) ~[tomcat-embed-core-10.1.20.jar:10.1.20]
	at org.apache.catalina.core.ApplicationFilterChain.doFilter(ApplicationFilterChain.java:150) ~[tomcat-embed-core-10.1.20.jar:10.1.20]
	at org.apache.tomcat.websocket.server.WsFilter.doFilter(WsFilter.java:51) ~[tomcat-embed-websocket-10.1.20.jar:10.1.20]
	at org.apache.catalina.core.ApplicationFilterChain.internalDoFilter(ApplicationFilterChain.java:175) ~[tomcat-embed-core-10.1.20.jar:10.1.20]
	at org.apache.catalina.core.ApplicationFilterChain.doFilter(ApplicationFilterChain.java:150) ~[tomcat-embed-core-10.1.20.jar:10.1.20]
	at org.springframework.web.filter.OncePerRequestFilter.doFilter(OncePerRequestFilter.java:110) ~[spring-web-6.1.6.jar:6.1.6]
	at org.apache.catalina.core.ApplicationFilterChain.internalDoFilter(ApplicationFilterChain.java:175) ~[tomcat-embed-core-10.1.20.jar:10.1.20]
	at org.apache.catalina.core.ApplicationFilterChain.doFilter(ApplicationFilterChain.java:150) ~[tomcat-embed-core-10.1.20.jar:10.1.20]
	at org.springframework.web.filter.CompositeFilter$VirtualFilterChain.doFilter(CompositeFilter.java:108) ~[spring-web-6.1.6.jar:6.1.6]
	at org.springframework.security.web.FilterChainProxy.lambda$doFilterInternal$3(FilterChainProxy.java:231) ~[spring-security-web-6.2.4.jar:6.2.4]
	at org.springframework.security.web.FilterChainProxy$VirtualFilterChain.doFilter(FilterChainProxy.java:365) ~[spring-security-web-6.2.4.jar:6.2.4]
	at org.springframework.security.web.access.intercept.AuthorizationFilter.doFilter(AuthorizationFilter.java:100) ~[spring-security-web-6.2.4.jar:6.2.4]
	at org.springframework.security.web.FilterChainProxy$VirtualFilterChain.doFilter(FilterChainProxy.java:374) ~[spring-security-web-6.2.4.jar:6.2.4]
	at org.springframework.security.web.access.ExceptionTranslationFilter.doFilter(ExceptionTranslationFilter.java:126) ~[spring-security-web-6.2.4.jar:6.2.4]
	at org.springframework.security.web.access.ExceptionTranslationFilter.doFilter(ExceptionTranslationFilter.java:120) ~[spring-security-web-6.2.4.jar:6.2.4]
	at org.springframework.security.web.FilterChainProxy$VirtualFilterChain.doFilter(FilterChainProxy.java:374) ~[spring-security-web-6.2.4.jar:6.2.4]
	at org.springframework.security.web.session.SessionManagementFilter.doFilter(SessionManagementFilter.java:131) ~[spring-security-web-6.2.4.jar:6.2.4]
	at org.springframework.security.web.session.SessionManagementFilter.doFilter(SessionManagementFilter.java:85) ~[spring-security-web-6.2.4.jar:6.2.4]
	at org.springframework.security.web.FilterChainProxy$VirtualFilterChain.doFilter(FilterChainProxy.java:374) ~[spring-security-web-6.2.4.jar:6.2.4]
	at org.springframework.security.web.authentication.AnonymousAuthenticationFilter.doFilter(AnonymousAuthenticationFilter.java:100) ~[spring-security-web-6.2.4.jar:6.2.4]
	at org.springframework.security.web.FilterChainProxy$VirtualFilterChain.doFilter(FilterChainProxy.java:374) ~[spring-security-web-6.2.4.jar:6.2.4]
	at org.springframework.security.web.servletapi.SecurityContextHolderAwareRequestFilter.doFilter(SecurityContextHolderAwareRequestFilter.java:179) ~[spring-security-web-6.2.4.jar:6.2.4]
	at org.springframework.security.web.FilterChainProxy$VirtualFilterChain.doFilter(FilterChainProxy.java:374) ~[spring-security-web-6.2.4.jar:6.2.4]
	at org.springframework.security.web.savedrequest.RequestCacheAwareFilter.doFilter(RequestCacheAwareFilter.java:63) ~[spring-security-web-6.2.4.jar:6.2.4]
	at org.springframework.security.web.FilterChainProxy$VirtualFilterChain.doFilter(FilterChainProxy.java:374) ~[spring-security-web-6.2.4.jar:6.2.4]
	at org.springframework.security.web.authentication.logout.LogoutFilter.doFilter(LogoutFilter.java:107) ~[spring-security-web-6.2.4.jar:6.2.4]
	at org.springframework.security.web.authentication.logout.LogoutFilter.doFilter(LogoutFilter.java:93) ~[spring-security-web-6.2.4.jar:6.2.4]
	at org.springframework.security.web.FilterChainProxy$VirtualFilterChain.doFilter(FilterChainProxy.java:374) ~[spring-security-web-6.2.4.jar:6.2.4]
	at org.springframework.web.filter.CorsFilter.doFilterInternal(CorsFilter.java:91) ~[spring-web-6.1.6.jar:6.1.6]
	at org.springframework.web.filter.OncePerRequestFilter.doFilter(OncePerRequestFilter.java:116) ~[spring-web-6.1.6.jar:6.1.6]
	at org.springframework.security.web.FilterChainProxy$VirtualFilterChain.doFilter(FilterChainProxy.java:374) ~[spring-security-web-6.2.4.jar:6.2.4]
	at org.springframework.security.web.header.HeaderWriterFilter.doHeadersAfter(HeaderWriterFilter.java:90) ~[spring-security-web-6.2.4.jar:6.2.4]
	at org.springframework.security.web.header.HeaderWriterFilter.doFilterInternal(HeaderWriterFilter.java:75) ~[spring-security-web-6.2.4.jar:6.2.4]
	at org.springframework.web.filter.OncePerRequestFilter.doFilter(OncePerRequestFilter.java:116) ~[spring-web-6.1.6.jar:6.1.6]
	at org.springframework.security.web.FilterChainProxy$VirtualFilterChain.doFilter(FilterChainProxy.java:374) ~[spring-security-web-6.2.4.jar:6.2.4]
	at org.springframework.security.web.context.SecurityContextHolderFilter.doFilter(SecurityContextHolderFilter.java:82) ~[spring-security-web-6.2.4.jar:6.2.4]
	at org.springframework.security.web.context.SecurityContextHolderFilter.doFilter(SecurityContextHolderFilter.java:69) ~[spring-security-web-6.2.4.jar:6.2.4]
	at org.springframework.security.web.FilterChainProxy$VirtualFilterChain.doFilter(FilterChainProxy.java:374) ~[spring-security-web-6.2.4.jar:6.2.4]
	at org.springframework.security.web.context.request.async.WebAsyncManagerIntegrationFilter.doFilterInternal(WebAsyncManagerIntegrationFilter.java:62) ~[spring-security-web-6.2.4.jar:6.2.4]
	at org.springframework.web.filter.OncePerRequestFilter.doFilter(OncePerRequestFilter.java:116) ~[spring-web-6.1.6.jar:6.1.6]
	at org.springframework.security.web.FilterChainProxy$VirtualFilterChain.doFilter(FilterChainProxy.java:374) ~[spring-security-web-6.2.4.jar:6.2.4]
	at org.springframework.security.web.session.DisableEncodeUrlFilter.doFilterInternal(DisableEncodeUrlFilter.java:42) ~[spring-security-web-6.2.4.jar:6.2.4]
	at org.springframework.web.filter.OncePerRequestFilter.doFilter(OncePerRequestFilter.java:116) ~[spring-web-6.1.6.jar:6.1.6]
	at org.springframework.security.web.FilterChainProxy$VirtualFilterChain.doFilter(FilterChainProxy.java:374) ~[spring-security-web-6.2.4.jar:6.2.4]
	at org.springframework.security.web.FilterChainProxy.doFilterInternal(FilterChainProxy.java:233) ~[spring-security-web-6.2.4.jar:6.2.4]
	at org.springframework.security.web.FilterChainProxy.doFilter(FilterChainProxy.java:191) ~[spring-security-web-6.2.4.jar:6.2.4]
	at org.springframework.web.filter.CompositeFilter$VirtualFilterChain.doFilter(CompositeFilter.java:113) ~[spring-web-6.1.6.jar:6.1.6]
	at org.springframework.web.servlet.handler.HandlerMappingIntrospector.lambda$createCacheFilter$3(HandlerMappingIntrospector.java:195) ~[spring-webmvc-6.1.6.jar:6.1.6]
	at org.springframework.web.filter.CompositeFilter$VirtualFilterChain.doFilter(CompositeFilter.java:113) ~[spring-web-6.1.6.jar:6.1.6]
	at org.springframework.web.filter.CompositeFilter.doFilter(CompositeFilter.java:74) ~[spring-web-6.1.6.jar:6.1.6]
	at org.springframework.security.config.annotation.web.configuration.WebMvcSecurityConfiguration$CompositeFilterChainProxy.doFilter(WebMvcSecurityConfiguration.java:230) ~[spring-security-config-6.2.4.jar:6.2.4]
	at org.springframework.web.filter.DelegatingFilterProxy.invokeDelegate(DelegatingFilterProxy.java:352) ~[spring-web-6.1.6.jar:6.1.6]
	at org.springframework.web.filter.DelegatingFilterProxy.doFilter(DelegatingFilterProxy.java:268) ~[spring-web-6.1.6.jar:6.1.6]
	at org.apache.catalina.core.ApplicationFilterChain.internalDoFilter(ApplicationFilterChain.java:175) ~[tomcat-embed-core-10.1.20.jar:10.1.20]
	at org.apache.catalina.core.ApplicationFilterChain.doFilter(ApplicationFilterChain.java:150) ~[tomcat-embed-core-10.1.20.jar:10.1.20]
	at org.springframework.web.filter.RequestContextFilter.doFilterInternal(RequestContextFilter.java:100) ~[spring-web-6.1.6.jar:6.1.6]
	at org.springframework.web.filter.OncePerRequestFilter.doFilter(OncePerRequestFilter.java:116) ~[spring-web-6.1.6.jar:6.1.6]
	at org.apache.catalina.core.ApplicationFilterChain.internalDoFilter(ApplicationFilterChain.java:175) ~[tomcat-embed-core-10.1.20.jar:10.1.20]
	at org.apache.catalina.core.ApplicationFilterChain.doFilter(ApplicationFilterChain.java:150) ~[tomcat-embed-core-10.1.20.jar:10.1.20]
	at org.springframework.web.filter.FormContentFilter.doFilterInternal(FormContentFilter.java:93) ~[spring-web-6.1.6.jar:6.1.6]
	at org.springframework.web.filter.OncePerRequestFilter.doFilter(OncePerRequestFilter.java:116) ~[spring-web-6.1.6.jar:6.1.6]
	at org.apache.catalina.core.ApplicationFilterChain.internalDoFilter(ApplicationFilterChain.java:175) ~[tomcat-embed-core-10.1.20.jar:10.1.20]
	at org.apache.catalina.core.ApplicationFilterChain.doFilter(ApplicationFilterChain.java:150) ~[tomcat-embed-core-10.1.20.jar:10.1.20]
	at org.springframework.web.filter.CharacterEncodingFilter.doFilterInternal(CharacterEncodingFilter.java:201) ~[spring-web-6.1.6.jar:6.1.6]
	at org.springframework.web.filter.OncePerRequestFilter.doFilter(OncePerRequestFilter.java:116) ~[spring-web-6.1.6.jar:6.1.6]
	at org.apache.catalina.core.ApplicationFilterChain.internalDoFilter(ApplicationFilterChain.java:175) ~[tomcat-embed-core-10.1.20.jar:10.1.20]
	at org.apache.catalina.core.ApplicationFilterChain.doFilter(ApplicationFilterChain.java:150) ~[tomcat-embed-core-10.1.20.jar:10.1.20]
	at org.apache.catalina.core.StandardWrapperValve.invoke(StandardWrapperValve.java:167) ~[tomcat-embed-core-10.1.20.jar:10.1.20]
	at org.apache.catalina.core.StandardContextValve.invoke(StandardContextValve.java:90) ~[tomcat-embed-core-10.1.20.jar:10.1.20]
	at org.apache.catalina.authenticator.AuthenticatorBase.invoke(AuthenticatorBase.java:482) ~[tomcat-embed-core-10.1.20.jar:10.1.20]
	at org.apache.catalina.core.StandardHostValve.invoke(StandardHostValve.java:115) ~[tomcat-embed-core-10.1.20.jar:10.1.20]
	at org.apache.catalina.valves.ErrorReportValve.invoke(ErrorReportValve.java:93) ~[tomcat-embed-core-10.1.20.jar:10.1.20]
	at org.apache.catalina.core.StandardEngineValve.invoke(StandardEngineValve.java:74) ~[tomcat-embed-core-10.1.20.jar:10.1.20]
	at org.apache.catalina.connector.CoyoteAdapter.service(CoyoteAdapter.java:344) ~[tomcat-embed-core-10.1.20.jar:10.1.20]
	at org.apache.coyote.http11.Http11Processor.service(Http11Processor.java:391) ~[tomcat-embed-core-10.1.20.jar:10.1.20]
	at org.apache.coyote.AbstractProcessorLight.process(AbstractProcessorLight.java:63) ~[tomcat-embed-core-10.1.20.jar:10.1.20]
	at org.apache.coyote.AbstractProtocol$ConnectionHandler.process(AbstractProtocol.java:896) ~[tomcat-embed-core-10.1.20.jar:10.1.20]
	at org.apache.tomcat.util.net.NioEndpoint$SocketProcessor.doRun(NioEndpoint.java:1736) ~[tomcat-embed-core-10.1.20.jar:10.1.20]
	at org.apache.tomcat.util.net.SocketProcessorBase.run(SocketProcessorBase.java:52) ~[tomcat-embed-core-10.1.20.jar:10.1.20]
	at org.apache.tomcat.util.threads.ThreadPoolExecutor.runWorker(ThreadPoolExecutor.java:1191) ~[tomcat-embed-core-10.1.20.jar:10.1.20]
	at org.apache.tomcat.util.threads.ThreadPoolExecutor$Worker.run(ThreadPoolExecutor.java:659) ~[tomcat-embed-core-10.1.20.jar:10.1.20]
	at org.apache.tomcat.util.threads.TaskThread$WrappingRunnable.run(TaskThread.java:63) ~[tomcat-embed-core-10.1.20.jar:10.1.20]
	at java.base/java.lang.Thread.run(Thread.java:840) ~[na:na]

Hibernate: 
    select
        u1_0.id,
        u1_0.email,
        u1_0.google_uid,
        u1_0.name,
        u1_0.password 
    from
        users u1_0 
    where
        u1_0.id=?
Hibernate: 
    select
        b1_0.id,
        b1_0.amount,
        b1_0.icon,
        b1_0.month,
        b1_0.name,
        b1_0.user_id,
        b1_0.year 
    from
        budgets b1_0 
    where
        b1_0.user_id=?
Hibernate: 
    select
        e1_0.budget_id,
        e1_0.id,
        e1_0.amount,
        e1_0.date,
        e1_0.description,
        e1_0.user_id 
    from
        expenses e1_0 
    where
        e1_0.budget_id=?
Hibernate: 
    select
        e1_0.budget_id,
        e1_0.id,
        e1_0.amount,
        e1_0.date,
        e1_0.description,
        e1_0.user_id 
    from
        expenses e1_0 
    where
        e1_0.budget_id=?
Hibernate: 
    select
        e1_0.budget_id,
        e1_0.id,
        e1_0.amount,
        e1_0.date,
        e1_0.description,
        e1_0.user_id 
    from
        expenses e1_0 
    where
        e1_0.budget_id=?
Hibernate: 
    select
        u1_0.id,
        u1_0.email,
        u1_0.google_uid,
        u1_0.name,
        u1_0.password 
    from
        users u1_0 
    where
        u1_0.id=?
Hibernate: 
    select
        b1_0.id,
        b1_0.amount,
        b1_0.icon,
        b1_0.month,
        b1_0.name,
        b1_0.user_id,
        b1_0.year 
    from
        budgets b1_0 
    where
        b1_0.user_id=?
Hibernate: 
    select
        e1_0.budget_id,
        e1_0.id,
        e1_0.amount,
        e1_0.date,
        e1_0.description,
        e1_0.user_id 
    from
        expenses e1_0 
    where
        e1_0.budget_id=?
Hibernate: 
    select
        e1_0.budget_id,
        e1_0.id,
        e1_0.amount,
        e1_0.date,
        e1_0.description,
        e1_0.user_id 
    from
        expenses e1_0 
    where
        e1_0.budget_id=?
Hibernate: 
    select
        e1_0.budget_id,
        e1_0.id,
        e1_0.amount,
        e1_0.date,
        e1_0.description,
        e1_0.user_id 
    from
        expenses e1_0 
    where
        e1_0.budget_id=?
Hibernate: 
    select
        u1_0.id,
        u1_0.email,
        u1_0.google_uid,
        u1_0.name,
        u1_0.password 
    from
        users u1_0 
    where
        u1_0.email=?
Hibernate: 
    select
        e1_0.id,
        e1_0.amount,
        e1_0.budget_id,
        e1_0.date,
        e1_0.description,
        e1_0.user_id 
    from
        expenses e1_0 
    left join
        users u1_0 
            on u1_0.id=e1_0.user_id 
    where
        u1_0.email=?
Hibernate: 
    select
        b1_0.id,
        b1_0.amount,
        b1_0.icon,
        b1_0.month,
        b1_0.name,
        b1_0.user_id,
        b1_0.year 
    from
        budgets b1_0 
    where
        b1_0.id=?
2026-05-01T23:06:51.040+08:00 ERROR 23860 --- [nio-8080-exec-5] o.a.c.c.C.[.[.[/].[dispatcherServlet]    : Servlet.service() for servlet [dispatcherServlet] in context with path [] threw exception [Request processing failed: org.springframework.http.converter.HttpMessageConversionException: Type definition error: [simple type, class org.hibernate.proxy.pojo.bytebuddy.ByteBuddyInterceptor]] with root cause

com.fasterxml.jackson.databind.exc.InvalidDefinitionException: No serializer found for class org.hibernate.proxy.pojo.bytebuddy.ByteBuddyInterceptor and no properties discovered to create BeanSerializer (to avoid exception, disable SerializationFeature.FAIL_ON_EMPTY_BEANS) (through reference chain: java.util.ArrayList[0]->com.rahimi.expensetracker.model.Expense["budget"]->com.rahimi.expensetracker.model.Budget$HibernateProxy$GfoK7o84["hibernateLazyInitializer"])
	at com.fasterxml.jackson.databind.exc.InvalidDefinitionException.from(InvalidDefinitionException.java:77) ~[jackson-databind-2.15.4.jar:2.15.4]
	at com.fasterxml.jackson.databind.SerializerProvider.reportBadDefinition(SerializerProvider.java:1308) ~[jackson-databind-2.15.4.jar:2.15.4]
	at com.fasterxml.jackson.databind.DatabindContext.reportBadDefinition(DatabindContext.java:414) ~[jackson-databind-2.15.4.jar:2.15.4]
	at com.fasterxml.jackson.databind.ser.impl.UnknownSerializer.failForEmpty(UnknownSerializer.java:53) ~[jackson-databind-2.15.4.jar:2.15.4]
	at com.fasterxml.jackson.databind.ser.impl.UnknownSerializer.serialize(UnknownSerializer.java:30) ~[jackson-databind-2.15.4.jar:2.15.4]
	at com.fasterxml.jackson.databind.ser.BeanPropertyWriter.serializeAsField(BeanPropertyWriter.java:732) ~[jackson-databind-2.15.4.jar:2.15.4]
	at com.fasterxml.jackson.databind.ser.std.BeanSerializerBase.serializeFields(BeanSerializerBase.java:772) ~[jackson-databind-2.15.4.jar:2.15.4]
	at com.fasterxml.jackson.databind.ser.BeanSerializer.serialize(BeanSerializer.java:178) ~[jackson-databind-2.15.4.jar:2.15.4]
	at com.fasterxml.jackson.databind.ser.BeanPropertyWriter.serializeAsField(BeanPropertyWriter.java:732) ~[jackson-databind-2.15.4.jar:2.15.4]
	at com.fasterxml.jackson.databind.ser.std.BeanSerializerBase.serializeFields(BeanSerializerBase.java:772) ~[jackson-databind-2.15.4.jar:2.15.4]
	at com.fasterxml.jackson.databind.ser.BeanSerializer.serialize(BeanSerializer.java:178) ~[jackson-databind-2.15.4.jar:2.15.4]
	at com.fasterxml.jackson.databind.ser.impl.IndexedListSerializer.serializeContents(IndexedListSerializer.java:119) ~[jackson-databind-2.15.4.jar:2.15.4]
	at com.fasterxml.jackson.databind.ser.impl.IndexedListSerializer.serialize(IndexedListSerializer.java:79) ~[jackson-databind-2.15.4.jar:2.15.4]
	at com.fasterxml.jackson.databind.ser.impl.IndexedListSerializer.serialize(IndexedListSerializer.java:18) ~[jackson-databind-2.15.4.jar:2.15.4]
	at com.fasterxml.jackson.databind.ser.DefaultSerializerProvider._serialize(DefaultSerializerProvider.java:479) ~[jackson-databind-2.15.4.jar:2.15.4]
	at com.fasterxml.jackson.databind.ser.DefaultSerializerProvider.serializeValue(DefaultSerializerProvider.java:318) ~[jackson-databind-2.15.4.jar:2.15.4]
	at com.fasterxml.jackson.databind.ObjectWriter$Prefetch.serialize(ObjectWriter.java:1572) ~[jackson-databind-2.15.4.jar:2.15.4]
	at com.fasterxml.jackson.databind.ObjectWriter.writeValue(ObjectWriter.java:1061) ~[jackson-databind-2.15.4.jar:2.15.4]
	at org.springframework.http.converter.json.AbstractJackson2HttpMessageConverter.writeInternal(AbstractJackson2HttpMessageConverter.java:483) ~[spring-web-6.1.6.jar:6.1.6]
	at org.springframework.http.converter.AbstractGenericHttpMessageConverter.write(AbstractGenericHttpMessageConverter.java:114) ~[spring-web-6.1.6.jar:6.1.6]
	at org.springframework.web.servlet.mvc.method.annotation.AbstractMessageConverterMethodProcessor.writeWithMessageConverters(AbstractMessageConverterMethodProcessor.java:297) ~[spring-webmvc-6.1.6.jar:6.1.6]
	at org.springframework.web.servlet.mvc.method.annotation.HttpEntityMethodProcessor.handleReturnValue(HttpEntityMethodProcessor.java:245) ~[spring-webmvc-6.1.6.jar:6.1.6]
	at org.springframework.web.method.support.HandlerMethodReturnValueHandlerComposite.handleReturnValue(HandlerMethodReturnValueHandlerComposite.java:78) ~[spring-web-6.1.6.jar:6.1.6]
	at org.springframework.web.servlet.mvc.method.annotation.ServletInvocableHandlerMethod.invokeAndHandle(ServletInvocableHandlerMethod.java:136) ~[spring-webmvc-6.1.6.jar:6.1.6]
	at org.springframework.web.servlet.mvc.method.annotation.RequestMappingHandlerAdapter.invokeHandlerMethod(RequestMappingHandlerAdapter.java:926) ~[spring-webmvc-6.1.6.jar:6.1.6]
	at org.springframework.web.servlet.mvc.method.annotation.RequestMappingHandlerAdapter.handleInternal(RequestMappingHandlerAdapter.java:831) ~[spring-webmvc-6.1.6.jar:6.1.6]
	at org.springframework.web.servlet.mvc.method.AbstractHandlerMethodAdapter.handle(AbstractHandlerMethodAdapter.java:87) ~[spring-webmvc-6.1.6.jar:6.1.6]
	at org.springframework.web.servlet.DispatcherServlet.doDispatch(DispatcherServlet.java:1089) ~[spring-webmvc-6.1.6.jar:6.1.6]
	at org.springframework.web.servlet.DispatcherServlet.doService(DispatcherServlet.java:979) ~[spring-webmvc-6.1.6.jar:6.1.6]
	at org.springframework.web.servlet.FrameworkServlet.processRequest(FrameworkServlet.java:1014) ~[spring-webmvc-6.1.6.jar:6.1.6]
	at org.springframework.web.servlet.FrameworkServlet.doGet(FrameworkServlet.java:903) ~[spring-webmvc-6.1.6.jar:6.1.6]
	at jakarta.servlet.http.HttpServlet.service(HttpServlet.java:564) ~[tomcat-embed-core-10.1.20.jar:6.0]
	at org.springframework.web.servlet.FrameworkServlet.service(FrameworkServlet.java:885) ~[spring-webmvc-6.1.6.jar:6.1.6]
	at jakarta.servlet.http.HttpServlet.service(HttpServlet.java:658) ~[tomcat-embed-core-10.1.20.jar:6.0]
	at org.apache.catalina.core.ApplicationFilterChain.internalDoFilter(ApplicationFilterChain.java:206) ~[tomcat-embed-core-10.1.20.jar:10.1.20]
	at org.apache.catalina.core.ApplicationFilterChain.doFilter(ApplicationFilterChain.java:150) ~[tomcat-embed-core-10.1.20.jar:10.1.20]
	at org.apache.tomcat.websocket.server.WsFilter.doFilter(WsFilter.java:51) ~[tomcat-embed-websocket-10.1.20.jar:10.1.20]
	at org.apache.catalina.core.ApplicationFilterChain.internalDoFilter(ApplicationFilterChain.java:175) ~[tomcat-embed-core-10.1.20.jar:10.1.20]
	at org.apache.catalina.core.ApplicationFilterChain.doFilter(ApplicationFilterChain.java:150) ~[tomcat-embed-core-10.1.20.jar:10.1.20]
	at org.springframework.web.filter.OncePerRequestFilter.doFilter(OncePerRequestFilter.java:110) ~[spring-web-6.1.6.jar:6.1.6]
	at org.apache.catalina.core.ApplicationFilterChain.internalDoFilter(ApplicationFilterChain.java:175) ~[tomcat-embed-core-10.1.20.jar:10.1.20]
	at org.apache.catalina.core.ApplicationFilterChain.doFilter(ApplicationFilterChain.java:150) ~[tomcat-embed-core-10.1.20.jar:10.1.20]
	at org.springframework.web.filter.CompositeFilter$VirtualFilterChain.doFilter(CompositeFilter.java:108) ~[spring-web-6.1.6.jar:6.1.6]
	at org.springframework.security.web.FilterChainProxy.lambda$doFilterInternal$3(FilterChainProxy.java:231) ~[spring-security-web-6.2.4.jar:6.2.4]
	at org.springframework.security.web.FilterChainProxy$VirtualFilterChain.doFilter(FilterChainProxy.java:365) ~[spring-security-web-6.2.4.jar:6.2.4]
	at org.springframework.security.web.access.intercept.AuthorizationFilter.doFilter(AuthorizationFilter.java:100) ~[spring-security-web-6.2.4.jar:6.2.4]
	at org.springframework.security.web.FilterChainProxy$VirtualFilterChain.doFilter(FilterChainProxy.java:374) ~[spring-security-web-6.2.4.jar:6.2.4]
	at org.springframework.security.web.access.ExceptionTranslationFilter.doFilter(ExceptionTranslationFilter.java:126) ~[spring-security-web-6.2.4.jar:6.2.4]
	at org.springframework.security.web.access.ExceptionTranslationFilter.doFilter(ExceptionTranslationFilter.java:120) ~[spring-security-web-6.2.4.jar:6.2.4]
	at org.springframework.security.web.FilterChainProxy$VirtualFilterChain.doFilter(FilterChainProxy.java:374) ~[spring-security-web-6.2.4.jar:6.2.4]
	at org.springframework.security.web.session.SessionManagementFilter.doFilter(SessionManagementFilter.java:131) ~[spring-security-web-6.2.4.jar:6.2.4]
	at org.springframework.security.web.session.SessionManagementFilter.doFilter(SessionManagementFilter.java:85) ~[spring-security-web-6.2.4.jar:6.2.4]
	at org.springframework.security.web.FilterChainProxy$VirtualFilterChain.doFilter(FilterChainProxy.java:374) ~[spring-security-web-6.2.4.jar:6.2.4]
	at org.springframework.security.web.authentication.AnonymousAuthenticationFilter.doFilter(AnonymousAuthenticationFilter.java:100) ~[spring-security-web-6.2.4.jar:6.2.4]
	at org.springframework.security.web.FilterChainProxy$VirtualFilterChain.doFilter(FilterChainProxy.java:374) ~[spring-security-web-6.2.4.jar:6.2.4]
	at org.springframework.security.web.servletapi.SecurityContextHolderAwareRequestFilter.doFilter(SecurityContextHolderAwareRequestFilter.java:179) ~[spring-security-web-6.2.4.jar:6.2.4]
	at org.springframework.security.web.FilterChainProxy$VirtualFilterChain.doFilter(FilterChainProxy.java:374) ~[spring-security-web-6.2.4.jar:6.2.4]
	at org.springframework.security.web.savedrequest.RequestCacheAwareFilter.doFilter(RequestCacheAwareFilter.java:63) ~[spring-security-web-6.2.4.jar:6.2.4]
	at org.springframework.security.web.FilterChainProxy$VirtualFilterChain.doFilter(FilterChainProxy.java:374) ~[spring-security-web-6.2.4.jar:6.2.4]
	at org.springframework.security.web.authentication.logout.LogoutFilter.doFilter(LogoutFilter.java:107) ~[spring-security-web-6.2.4.jar:6.2.4]
	at org.springframework.security.web.authentication.logout.LogoutFilter.doFilter(LogoutFilter.java:93) ~[spring-security-web-6.2.4.jar:6.2.4]
	at org.springframework.security.web.FilterChainProxy$VirtualFilterChain.doFilter(FilterChainProxy.java:374) ~[spring-security-web-6.2.4.jar:6.2.4]
	at org.springframework.web.filter.CorsFilter.doFilterInternal(CorsFilter.java:91) ~[spring-web-6.1.6.jar:6.1.6]
	at org.springframework.web.filter.OncePerRequestFilter.doFilter(OncePerRequestFilter.java:116) ~[spring-web-6.1.6.jar:6.1.6]
	at org.springframework.security.web.FilterChainProxy$VirtualFilterChain.doFilter(FilterChainProxy.java:374) ~[spring-security-web-6.2.4.jar:6.2.4]
	at org.springframework.security.web.header.HeaderWriterFilter.doHeadersAfter(HeaderWriterFilter.java:90) ~[spring-security-web-6.2.4.jar:6.2.4]
	at org.springframework.security.web.header.HeaderWriterFilter.doFilterInternal(HeaderWriterFilter.java:75) ~[spring-security-web-6.2.4.jar:6.2.4]
	at org.springframework.web.filter.OncePerRequestFilter.doFilter(OncePerRequestFilter.java:116) ~[spring-web-6.1.6.jar:6.1.6]
	at org.springframework.security.web.FilterChainProxy$VirtualFilterChain.doFilter(FilterChainProxy.java:374) ~[spring-security-web-6.2.4.jar:6.2.4]
	at org.springframework.security.web.context.SecurityContextHolderFilter.doFilter(SecurityContextHolderFilter.java:82) ~[spring-security-web-6.2.4.jar:6.2.4]
	at org.springframework.security.web.context.SecurityContextHolderFilter.doFilter(SecurityContextHolderFilter.java:69) ~[spring-security-web-6.2.4.jar:6.2.4]
	at org.springframework.security.web.FilterChainProxy$VirtualFilterChain.doFilter(FilterChainProxy.java:374) ~[spring-security-web-6.2.4.jar:6.2.4]
	at org.springframework.security.web.context.request.async.WebAsyncManagerIntegrationFilter.doFilterInternal(WebAsyncManagerIntegrationFilter.java:62) ~[spring-security-web-6.2.4.jar:6.2.4]
	at org.springframework.web.filter.OncePerRequestFilter.doFilter(OncePerRequestFilter.java:116) ~[spring-web-6.1.6.jar:6.1.6]
	at org.springframework.security.web.FilterChainProxy$VirtualFilterChain.doFilter(FilterChainProxy.java:374) ~[spring-security-web-6.2.4.jar:6.2.4]
	at org.springframework.security.web.session.DisableEncodeUrlFilter.doFilterInternal(DisableEncodeUrlFilter.java:42) ~[spring-security-web-6.2.4.jar:6.2.4]
	at org.springframework.web.filter.OncePerRequestFilter.doFilter(OncePerRequestFilter.java:116) ~[spring-web-6.1.6.jar:6.1.6]
	at org.springframework.security.web.FilterChainProxy$VirtualFilterChain.doFilter(FilterChainProxy.java:374) ~[spring-security-web-6.2.4.jar:6.2.4]
	at org.springframework.security.web.FilterChainProxy.doFilterInternal(FilterChainProxy.java:233) ~[spring-security-web-6.2.4.jar:6.2.4]
	at org.springframework.security.web.FilterChainProxy.doFilter(FilterChainProxy.java:191) ~[spring-security-web-6.2.4.jar:6.2.4]
	at org.springframework.web.filter.CompositeFilter$VirtualFilterChain.doFilter(CompositeFilter.java:113) ~[spring-web-6.1.6.jar:6.1.6]
	at org.springframework.web.servlet.handler.HandlerMappingIntrospector.lambda$createCacheFilter$3(HandlerMappingIntrospector.java:195) ~[spring-webmvc-6.1.6.jar:6.1.6]
	at org.springframework.web.filter.CompositeFilter$VirtualFilterChain.doFilter(CompositeFilter.java:113) ~[spring-web-6.1.6.jar:6.1.6]
	at org.springframework.web.filter.CompositeFilter.doFilter(CompositeFilter.java:74) ~[spring-web-6.1.6.jar:6.1.6]
	at org.springframework.security.config.annotation.web.configuration.WebMvcSecurityConfiguration$CompositeFilterChainProxy.doFilter(WebMvcSecurityConfiguration.java:230) ~[spring-security-config-6.2.4.jar:6.2.4]
	at org.springframework.web.filter.DelegatingFilterProxy.invokeDelegate(DelegatingFilterProxy.java:352) ~[spring-web-6.1.6.jar:6.1.6]
	at org.springframework.web.filter.DelegatingFilterProxy.doFilter(DelegatingFilterProxy.java:268) ~[spring-web-6.1.6.jar:6.1.6]
	at org.apache.catalina.core.ApplicationFilterChain.internalDoFilter(ApplicationFilterChain.java:175) ~[tomcat-embed-core-10.1.20.jar:10.1.20]
	at org.apache.catalina.core.ApplicationFilterChain.doFilter(ApplicationFilterChain.java:150) ~[tomcat-embed-core-10.1.20.jar:10.1.20]
	at org.springframework.web.filter.RequestContextFilter.doFilterInternal(RequestContextFilter.java:100) ~[spring-web-6.1.6.jar:6.1.6]
	at org.springframework.web.filter.OncePerRequestFilter.doFilter(OncePerRequestFilter.java:116) ~[spring-web-6.1.6.jar:6.1.6]
	at org.apache.catalina.core.ApplicationFilterChain.internalDoFilter(ApplicationFilterChain.java:175) ~[tomcat-embed-core-10.1.20.jar:10.1.20]
	at org.apache.catalina.core.ApplicationFilterChain.doFilter(ApplicationFilterChain.java:150) ~[tomcat-embed-core-10.1.20.jar:10.1.20]
	at org.springframework.web.filter.FormContentFilter.doFilterInternal(FormContentFilter.java:93) ~[spring-web-6.1.6.jar:6.1.6]
	at org.springframework.web.filter.OncePerRequestFilter.doFilter(OncePerRequestFilter.java:116) ~[spring-web-6.1.6.jar:6.1.6]
	at org.apache.catalina.core.ApplicationFilterChain.internalDoFilter(ApplicationFilterChain.java:175) ~[tomcat-embed-core-10.1.20.jar:10.1.20]
	at org.apache.catalina.core.ApplicationFilterChain.doFilter(ApplicationFilterChain.java:150) ~[tomcat-embed-core-10.1.20.jar:10.1.20]
	at org.springframework.web.filter.CharacterEncodingFilter.doFilterInternal(CharacterEncodingFilter.java:201) ~[spring-web-6.1.6.jar:6.1.6]
	at org.springframework.web.filter.OncePerRequestFilter.doFilter(OncePerRequestFilter.java:116) ~[spring-web-6.1.6.jar:6.1.6]
	at org.apache.catalina.core.ApplicationFilterChain.internalDoFilter(ApplicationFilterChain.java:175) ~[tomcat-embed-core-10.1.20.jar:10.1.20]
	at org.apache.catalina.core.ApplicationFilterChain.doFilter(ApplicationFilterChain.java:150) ~[tomcat-embed-core-10.1.20.jar:10.1.20]
	at org.apache.catalina.core.StandardWrapperValve.invoke(StandardWrapperValve.java:167) ~[tomcat-embed-core-10.1.20.jar:10.1.20]
	at org.apache.catalina.core.StandardContextValve.invoke(StandardContextValve.java:90) ~[tomcat-embed-core-10.1.20.jar:10.1.20]
	at org.apache.catalina.authenticator.AuthenticatorBase.invoke(AuthenticatorBase.java:482) ~[tomcat-embed-core-10.1.20.jar:10.1.20]
	at org.apache.catalina.core.StandardHostValve.invoke(StandardHostValve.java:115) ~[tomcat-embed-core-10.1.20.jar:10.1.20]
	at org.apache.catalina.valves.ErrorReportValve.invoke(ErrorReportValve.java:93) ~[tomcat-embed-core-10.1.20.jar:10.1.20]
	at org.apache.catalina.core.StandardEngineValve.invoke(StandardEngineValve.java:74) ~[tomcat-embed-core-10.1.20.jar:10.1.20]
	at org.apache.catalina.connector.CoyoteAdapter.service(CoyoteAdapter.java:344) ~[tomcat-embed-core-10.1.20.jar:10.1.20]
	at org.apache.coyote.http11.Http11Processor.service(Http11Processor.java:391) ~[tomcat-embed-core-10.1.20.jar:10.1.20]
	at org.apache.coyote.AbstractProcessorLight.process(AbstractProcessorLight.java:63) ~[tomcat-embed-core-10.1.20.jar:10.1.20]
	at org.apache.coyote.AbstractProtocol$ConnectionHandler.process(AbstractProtocol.java:896) ~[tomcat-embed-core-10.1.20.jar:10.1.20]
	at org.apache.tomcat.util.net.NioEndpoint$SocketProcessor.doRun(NioEndpoint.java:1736) ~[tomcat-embed-core-10.1.20.jar:10.1.20]
	at org.apache.tomcat.util.net.SocketProcessorBase.run(SocketProcessorBase.java:52) ~[tomcat-embed-core-10.1.20.jar:10.1.20]
	at org.apache.tomcat.util.threads.ThreadPoolExecutor.runWorker(ThreadPoolExecutor.java:1191) ~[tomcat-embed-core-10.1.20.jar:10.1.20]
	at org.apache.tomcat.util.threads.ThreadPoolExecutor$Worker.run(ThreadPoolExecutor.java:659) ~[tomcat-embed-core-10.1.20.jar:10.1.20]
	at org.apache.tomcat.util.threads.TaskThread$WrappingRunnable.run(TaskThread.java:63) ~[tomcat-embed-core-10.1.20.jar:10.1.20]
	at java.base/java.lang.Thread.run(Thread.java:840) ~[na:na]

Hibernate: 
    select
        u1_0.id,
        u1_0.email,
        u1_0.google_uid,
        u1_0.name,
        u1_0.password 
    from
        users u1_0 
    where
        u1_0.email=?
Hibernate: 
    select
        e1_0.id,
        e1_0.amount,
        e1_0.budget_id,
        e1_0.date,
        e1_0.description,
        e1_0.user_id 
    from
        expenses e1_0 
    left join
        users u1_0 
            on u1_0.id=e1_0.user_id 
    where
        u1_0.email=?
Hibernate: 
    select
        b1_0.id,
        b1_0.amount,
        b1_0.icon,
        b1_0.month,
        b1_0.name,
        b1_0.user_id,
        b1_0.year 
    from
        budgets b1_0 
    where
        b1_0.id=?
2026-05-01T23:06:51.063+08:00 ERROR 23860 --- [nio-8080-exec-2] o.a.c.c.C.[.[.[/].[dispatcherServlet]    : Servlet.service() for servlet [dispatcherServlet] in context with path [] threw exception [Request processing failed: org.springframework.http.converter.HttpMessageConversionException: Type definition error: [simple type, class org.hibernate.proxy.pojo.bytebuddy.ByteBuddyInterceptor]] with root cause

com.fasterxml.jackson.databind.exc.InvalidDefinitionException: No serializer found for class org.hibernate.proxy.pojo.bytebuddy.ByteBuddyInterceptor and no properties discovered to create BeanSerializer (to avoid exception, disable SerializationFeature.FAIL_ON_EMPTY_BEANS) (through reference chain: java.util.ArrayList[0]->com.rahimi.expensetracker.model.Expense["budget"]->com.rahimi.expensetracker.model.Budget$HibernateProxy$GfoK7o84["hibernateLazyInitializer"])
	at com.fasterxml.jackson.databind.exc.InvalidDefinitionException.from(InvalidDefinitionException.java:77) ~[jackson-databind-2.15.4.jar:2.15.4]
	at com.fasterxml.jackson.databind.SerializerProvider.reportBadDefinition(SerializerProvider.java:1308) ~[jackson-databind-2.15.4.jar:2.15.4]
	at com.fasterxml.jackson.databind.DatabindContext.reportBadDefinition(DatabindContext.java:414) ~[jackson-databind-2.15.4.jar:2.15.4]
	at com.fasterxml.jackson.databind.ser.impl.UnknownSerializer.failForEmpty(UnknownSerializer.java:53) ~[jackson-databind-2.15.4.jar:2.15.4]
	at com.fasterxml.jackson.databind.ser.impl.UnknownSerializer.serialize(UnknownSerializer.java:30) ~[jackson-databind-2.15.4.jar:2.15.4]
	at com.fasterxml.jackson.databind.ser.BeanPropertyWriter.serializeAsField(BeanPropertyWriter.java:732) ~[jackson-databind-2.15.4.jar:2.15.4]
	at com.fasterxml.jackson.databind.ser.std.BeanSerializerBase.serializeFields(BeanSerializerBase.java:772) ~[jackson-databind-2.15.4.jar:2.15.4]
	at com.fasterxml.jackson.databind.ser.BeanSerializer.serialize(BeanSerializer.java:178) ~[jackson-databind-2.15.4.jar:2.15.4]
	at com.fasterxml.jackson.databind.ser.BeanPropertyWriter.serializeAsField(BeanPropertyWriter.java:732) ~[jackson-databind-2.15.4.jar:2.15.4]
	at com.fasterxml.jackson.databind.ser.std.BeanSerializerBase.serializeFields(BeanSerializerBase.java:772) ~[jackson-databind-2.15.4.jar:2.15.4]
	at com.fasterxml.jackson.databind.ser.BeanSerializer.serialize(BeanSerializer.java:178) ~[jackson-databind-2.15.4.jar:2.15.4]
	at com.fasterxml.jackson.databind.ser.impl.IndexedListSerializer.serializeContents(IndexedListSerializer.java:119) ~[jackson-databind-2.15.4.jar:2.15.4]
	at com.fasterxml.jackson.databind.ser.impl.IndexedListSerializer.serialize(IndexedListSerializer.java:79) ~[jackson-databind-2.15.4.jar:2.15.4]
	at com.fasterxml.jackson.databind.ser.impl.IndexedListSerializer.serialize(IndexedListSerializer.java:18) ~[jackson-databind-2.15.4.jar:2.15.4]
	at com.fasterxml.jackson.databind.ser.DefaultSerializerProvider._serialize(DefaultSerializerProvider.java:479) ~[jackson-databind-2.15.4.jar:2.15.4]
	at com.fasterxml.jackson.databind.ser.DefaultSerializerProvider.serializeValue(DefaultSerializerProvider.java:318) ~[jackson-databind-2.15.4.jar:2.15.4]
	at com.fasterxml.jackson.databind.ObjectWriter$Prefetch.serialize(ObjectWriter.java:1572) ~[jackson-databind-2.15.4.jar:2.15.4]
	at com.fasterxml.jackson.databind.ObjectWriter.writeValue(ObjectWriter.java:1061) ~[jackson-databind-2.15.4.jar:2.15.4]
	at org.springframework.http.converter.json.AbstractJackson2HttpMessageConverter.writeInternal(AbstractJackson2HttpMessageConverter.java:483) ~[spring-web-6.1.6.jar:6.1.6]
	at org.springframework.http.converter.AbstractGenericHttpMessageConverter.write(AbstractGenericHttpMessageConverter.java:114) ~[spring-web-6.1.6.jar:6.1.6]
	at org.springframework.web.servlet.mvc.method.annotation.AbstractMessageConverterMethodProcessor.writeWithMessageConverters(AbstractMessageConverterMethodProcessor.java:297) ~[spring-webmvc-6.1.6.jar:6.1.6]
	at org.springframework.web.servlet.mvc.method.annotation.HttpEntityMethodProcessor.handleReturnValue(HttpEntityMethodProcessor.java:245) ~[spring-webmvc-6.1.6.jar:6.1.6]
	at org.springframework.web.method.support.HandlerMethodReturnValueHandlerComposite.handleReturnValue(HandlerMethodReturnValueHandlerComposite.java:78) ~[spring-web-6.1.6.jar:6.1.6]
	at org.springframework.web.servlet.mvc.method.annotation.ServletInvocableHandlerMethod.invokeAndHandle(ServletInvocableHandlerMethod.java:136) ~[spring-webmvc-6.1.6.jar:6.1.6]
	at org.springframework.web.servlet.mvc.method.annotation.RequestMappingHandlerAdapter.invokeHandlerMethod(RequestMappingHandlerAdapter.java:926) ~[spring-webmvc-6.1.6.jar:6.1.6]
	at org.springframework.web.servlet.mvc.method.annotation.RequestMappingHandlerAdapter.handleInternal(RequestMappingHandlerAdapter.java:831) ~[spring-webmvc-6.1.6.jar:6.1.6]
	at org.springframework.web.servlet.mvc.method.AbstractHandlerMethodAdapter.handle(AbstractHandlerMethodAdapter.java:87) ~[spring-webmvc-6.1.6.jar:6.1.6]
	at org.springframework.web.servlet.DispatcherServlet.doDispatch(DispatcherServlet.java:1089) ~[spring-webmvc-6.1.6.jar:6.1.6]
	at org.springframework.web.servlet.DispatcherServlet.doService(DispatcherServlet.java:979) ~[spring-webmvc-6.1.6.jar:6.1.6]
	at org.springframework.web.servlet.FrameworkServlet.processRequest(FrameworkServlet.java:1014) ~[spring-webmvc-6.1.6.jar:6.1.6]
	at org.springframework.web.servlet.FrameworkServlet.doGet(FrameworkServlet.java:903) ~[spring-webmvc-6.1.6.jar:6.1.6]
	at jakarta.servlet.http.HttpServlet.service(HttpServlet.java:564) ~[tomcat-embed-core-10.1.20.jar:6.0]
	at org.springframework.web.servlet.FrameworkServlet.service(FrameworkServlet.java:885) ~[spring-webmvc-6.1.6.jar:6.1.6]
	at jakarta.servlet.http.HttpServlet.service(HttpServlet.java:658) ~[tomcat-embed-core-10.1.20.jar:6.0]
	at org.apache.catalina.core.ApplicationFilterChain.internalDoFilter(ApplicationFilterChain.java:206) ~[tomcat-embed-core-10.1.20.jar:10.1.20]
	at org.apache.catalina.core.ApplicationFilterChain.doFilter(ApplicationFilterChain.java:150) ~[tomcat-embed-core-10.1.20.jar:10.1.20]
	at org.apache.tomcat.websocket.server.WsFilter.doFilter(WsFilter.java:51) ~[tomcat-embed-websocket-10.1.20.jar:10.1.20]
	at org.apache.catalina.core.ApplicationFilterChain.internalDoFilter(ApplicationFilterChain.java:175) ~[tomcat-embed-core-10.1.20.jar:10.1.20]
	at org.apache.catalina.core.ApplicationFilterChain.doFilter(ApplicationFilterChain.java:150) ~[tomcat-embed-core-10.1.20.jar:10.1.20]
	at org.springframework.web.filter.OncePerRequestFilter.doFilter(OncePerRequestFilter.java:110) ~[spring-web-6.1.6.jar:6.1.6]
	at org.apache.catalina.core.ApplicationFilterChain.internalDoFilter(ApplicationFilterChain.java:175) ~[tomcat-embed-core-10.1.20.jar:10.1.20]
	at org.apache.catalina.core.ApplicationFilterChain.doFilter(ApplicationFilterChain.java:150) ~[tomcat-embed-core-10.1.20.jar:10.1.20]
	at org.springframework.web.filter.CompositeFilter$VirtualFilterChain.doFilter(CompositeFilter.java:108) ~[spring-web-6.1.6.jar:6.1.6]
	at org.springframework.security.web.FilterChainProxy.lambda$doFilterInternal$3(FilterChainProxy.java:231) ~[spring-security-web-6.2.4.jar:6.2.4]
	at org.springframework.security.web.FilterChainProxy$VirtualFilterChain.doFilter(FilterChainProxy.java:365) ~[spring-security-web-6.2.4.jar:6.2.4]
	at org.springframework.security.web.access.intercept.AuthorizationFilter.doFilter(AuthorizationFilter.java:100) ~[spring-security-web-6.2.4.jar:6.2.4]
	at org.springframework.security.web.FilterChainProxy$VirtualFilterChain.doFilter(FilterChainProxy.java:374) ~[spring-security-web-6.2.4.jar:6.2.4]
	at org.springframework.security.web.access.ExceptionTranslationFilter.doFilter(ExceptionTranslationFilter.java:126) ~[spring-security-web-6.2.4.jar:6.2.4]
	at org.springframework.security.web.access.ExceptionTranslationFilter.doFilter(ExceptionTranslationFilter.java:120) ~[spring-security-web-6.2.4.jar:6.2.4]
	at org.springframework.security.web.FilterChainProxy$VirtualFilterChain.doFilter(FilterChainProxy.java:374) ~[spring-security-web-6.2.4.jar:6.2.4]
	at org.springframework.security.web.session.SessionManagementFilter.doFilter(SessionManagementFilter.java:131) ~[spring-security-web-6.2.4.jar:6.2.4]
	at org.springframework.security.web.session.SessionManagementFilter.doFilter(SessionManagementFilter.java:85) ~[spring-security-web-6.2.4.jar:6.2.4]
	at org.springframework.security.web.FilterChainProxy$VirtualFilterChain.doFilter(FilterChainProxy.java:374) ~[spring-security-web-6.2.4.jar:6.2.4]
	at org.springframework.security.web.authentication.AnonymousAuthenticationFilter.doFilter(AnonymousAuthenticationFilter.java:100) ~[spring-security-web-6.2.4.jar:6.2.4]
	at org.springframework.security.web.FilterChainProxy$VirtualFilterChain.doFilter(FilterChainProxy.java:374) ~[spring-security-web-6.2.4.jar:6.2.4]
	at org.springframework.security.web.servletapi.SecurityContextHolderAwareRequestFilter.doFilter(SecurityContextHolderAwareRequestFilter.java:179) ~[spring-security-web-6.2.4.jar:6.2.4]
	at org.springframework.security.web.FilterChainProxy$VirtualFilterChain.doFilter(FilterChainProxy.java:374) ~[spring-security-web-6.2.4.jar:6.2.4]
	at org.springframework.security.web.savedrequest.RequestCacheAwareFilter.doFilter(RequestCacheAwareFilter.java:63) ~[spring-security-web-6.2.4.jar:6.2.4]
	at org.springframework.security.web.FilterChainProxy$VirtualFilterChain.doFilter(FilterChainProxy.java:374) ~[spring-security-web-6.2.4.jar:6.2.4]
	at org.springframework.security.web.authentication.logout.LogoutFilter.doFilter(LogoutFilter.java:107) ~[spring-security-web-6.2.4.jar:6.2.4]
	at org.springframework.security.web.authentication.logout.LogoutFilter.doFilter(LogoutFilter.java:93) ~[spring-security-web-6.2.4.jar:6.2.4]
	at org.springframework.security.web.FilterChainProxy$VirtualFilterChain.doFilter(FilterChainProxy.java:374) ~[spring-security-web-6.2.4.jar:6.2.4]
	at org.springframework.web.filter.CorsFilter.doFilterInternal(CorsFilter.java:91) ~[spring-web-6.1.6.jar:6.1.6]
	at org.springframework.web.filter.OncePerRequestFilter.doFilter(OncePerRequestFilter.java:116) ~[spring-web-6.1.6.jar:6.1.6]
	at org.springframework.security.web.FilterChainProxy$VirtualFilterChain.doFilter(FilterChainProxy.java:374) ~[spring-security-web-6.2.4.jar:6.2.4]
	at org.springframework.security.web.header.HeaderWriterFilter.doHeadersAfter(HeaderWriterFilter.java:90) ~[spring-security-web-6.2.4.jar:6.2.4]
	at org.springframework.security.web.header.HeaderWriterFilter.doFilterInternal(HeaderWriterFilter.java:75) ~[spring-security-web-6.2.4.jar:6.2.4]
	at org.springframework.web.filter.OncePerRequestFilter.doFilter(OncePerRequestFilter.java:116) ~[spring-web-6.1.6.jar:6.1.6]
	at org.springframework.security.web.FilterChainProxy$VirtualFilterChain.doFilter(FilterChainProxy.java:374) ~[spring-security-web-6.2.4.jar:6.2.4]
	at org.springframework.security.web.context.SecurityContextHolderFilter.doFilter(SecurityContextHolderFilter.java:82) ~[spring-security-web-6.2.4.jar:6.2.4]
	at org.springframework.security.web.context.SecurityContextHolderFilter.doFilter(SecurityContextHolderFilter.java:69) ~[spring-security-web-6.2.4.jar:6.2.4]
	at org.springframework.security.web.FilterChainProxy$VirtualFilterChain.doFilter(FilterChainProxy.java:374) ~[spring-security-web-6.2.4.jar:6.2.4]
	at org.springframework.security.web.context.request.async.WebAsyncManagerIntegrationFilter.doFilterInternal(WebAsyncManagerIntegrationFilter.java:62) ~[spring-security-web-6.2.4.jar:6.2.4]
	at org.springframework.web.filter.OncePerRequestFilter.doFilter(OncePerRequestFilter.java:116) ~[spring-web-6.1.6.jar:6.1.6]
	at org.springframework.security.web.FilterChainProxy$VirtualFilterChain.doFilter(FilterChainProxy.java:374) ~[spring-security-web-6.2.4.jar:6.2.4]
	at org.springframework.security.web.session.DisableEncodeUrlFilter.doFilterInternal(DisableEncodeUrlFilter.java:42) ~[spring-security-web-6.2.4.jar:6.2.4]
	at org.springframework.web.filter.OncePerRequestFilter.doFilter(OncePerRequestFilter.java:116) ~[spring-web-6.1.6.jar:6.1.6]
	at org.springframework.security.web.FilterChainProxy$VirtualFilterChain.doFilter(FilterChainProxy.java:374) ~[spring-security-web-6.2.4.jar:6.2.4]
	at org.springframework.security.web.FilterChainProxy.doFilterInternal(FilterChainProxy.java:233) ~[spring-security-web-6.2.4.jar:6.2.4]
	at org.springframework.security.web.FilterChainProxy.doFilter(FilterChainProxy.java:191) ~[spring-security-web-6.2.4.jar:6.2.4]
	at org.springframework.web.filter.CompositeFilter$VirtualFilterChain.doFilter(CompositeFilter.java:113) ~[spring-web-6.1.6.jar:6.1.6]
	at org.springframework.web.servlet.handler.HandlerMappingIntrospector.lambda$createCacheFilter$3(HandlerMappingIntrospector.java:195) ~[spring-webmvc-6.1.6.jar:6.1.6]
	at org.springframework.web.filter.CompositeFilter$VirtualFilterChain.doFilter(CompositeFilter.java:113) ~[spring-web-6.1.6.jar:6.1.6]
	at org.springframework.web.filter.CompositeFilter.doFilter(CompositeFilter.java:74) ~[spring-web-6.1.6.jar:6.1.6]
	at org.springframework.security.config.annotation.web.configuration.WebMvcSecurityConfiguration$CompositeFilterChainProxy.doFilter(WebMvcSecurityConfiguration.java:230) ~[spring-security-config-6.2.4.jar:6.2.4]
	at org.springframework.web.filter.DelegatingFilterProxy.invokeDelegate(DelegatingFilterProxy.java:352) ~[spring-web-6.1.6.jar:6.1.6]
	at org.springframework.web.filter.DelegatingFilterProxy.doFilter(DelegatingFilterProxy.java:268) ~[spring-web-6.1.6.jar:6.1.6]
	at org.apache.catalina.core.ApplicationFilterChain.internalDoFilter(ApplicationFilterChain.java:175) ~[tomcat-embed-core-10.1.20.jar:10.1.20]
	at org.apache.catalina.core.ApplicationFilterChain.doFilter(ApplicationFilterChain.java:150) ~[tomcat-embed-core-10.1.20.jar:10.1.20]
	at org.springframework.web.filter.RequestContextFilter.doFilterInternal(RequestContextFilter.java:100) ~[spring-web-6.1.6.jar:6.1.6]
	at org.springframework.web.filter.OncePerRequestFilter.doFilter(OncePerRequestFilter.java:116) ~[spring-web-6.1.6.jar:6.1.6]
	at org.apache.catalina.core.ApplicationFilterChain.internalDoFilter(ApplicationFilterChain.java:175) ~[tomcat-embed-core-10.1.20.jar:10.1.20]
	at org.apache.catalina.core.ApplicationFilterChain.doFilter(ApplicationFilterChain.java:150) ~[tomcat-embed-core-10.1.20.jar:10.1.20]
	at org.springframework.web.filter.FormContentFilter.doFilterInternal(FormContentFilter.java:93) ~[spring-web-6.1.6.jar:6.1.6]
	at org.springframework.web.filter.OncePerRequestFilter.doFilter(OncePerRequestFilter.java:116) ~[spring-web-6.1.6.jar:6.1.6]
	at org.apache.catalina.core.ApplicationFilterChain.internalDoFilter(ApplicationFilterChain.java:175) ~[tomcat-embed-core-10.1.20.jar:10.1.20]
	at org.apache.catalina.core.ApplicationFilterChain.doFilter(ApplicationFilterChain.java:150) ~[tomcat-embed-core-10.1.20.jar:10.1.20]
	at org.springframework.web.filter.CharacterEncodingFilter.doFilterInternal(CharacterEncodingFilter.java:201) ~[spring-web-6.1.6.jar:6.1.6]
	at org.springframework.web.filter.OncePerRequestFilter.doFilter(OncePerRequestFilter.java:116) ~[spring-web-6.1.6.jar:6.1.6]
	at org.apache.catalina.core.ApplicationFilterChain.internalDoFilter(ApplicationFilterChain.java:175) ~[tomcat-embed-core-10.1.20.jar:10.1.20]
	at org.apache.catalina.core.ApplicationFilterChain.doFilter(ApplicationFilterChain.java:150) ~[tomcat-embed-core-10.1.20.jar:10.1.20]
	at org.apache.catalina.core.StandardWrapperValve.invoke(StandardWrapperValve.java:167) ~[tomcat-embed-core-10.1.20.jar:10.1.20]
	at org.apache.catalina.core.StandardContextValve.invoke(StandardContextValve.java:90) ~[tomcat-embed-core-10.1.20.jar:10.1.20]
	at org.apache.catalina.authenticator.AuthenticatorBase.invoke(AuthenticatorBase.java:482) ~[tomcat-embed-core-10.1.20.jar:10.1.20]
	at org.apache.catalina.core.StandardHostValve.invoke(StandardHostValve.java:115) ~[tomcat-embed-core-10.1.20.jar:10.1.20]
	at org.apache.catalina.valves.ErrorReportValve.invoke(ErrorReportValve.java:93) ~[tomcat-embed-core-10.1.20.jar:10.1.20]
	at org.apache.catalina.core.StandardEngineValve.invoke(StandardEngineValve.java:74) ~[tomcat-embed-core-10.1.20.jar:10.1.20]
	at org.apache.catalina.connector.CoyoteAdapter.service(CoyoteAdapter.java:344) ~[tomcat-embed-core-10.1.20.jar:10.1.20]
	at org.apache.coyote.http11.Http11Processor.service(Http11Processor.java:391) ~[tomcat-embed-core-10.1.20.jar:10.1.20]
	at org.apache.coyote.AbstractProcessorLight.process(AbstractProcessorLight.java:63) ~[tomcat-embed-core-10.1.20.jar:10.1.20]
	at org.apache.coyote.AbstractProtocol$ConnectionHandler.process(AbstractProtocol.java:896) ~[tomcat-embed-core-10.1.20.jar:10.1.20]
	at org.apache.tomcat.util.net.NioEndpoint$SocketProcessor.doRun(NioEndpoint.java:1736) ~[tomcat-embed-core-10.1.20.jar:10.1.20]
	at org.apache.tomcat.util.net.SocketProcessorBase.run(SocketProcessorBase.java:52) ~[tomcat-embed-core-10.1.20.jar:10.1.20]
	at org.apache.tomcat.util.threads.ThreadPoolExecutor.runWorker(ThreadPoolExecutor.java:1191) ~[tomcat-embed-core-10.1.20.jar:10.1.20]
	at org.apache.tomcat.util.threads.ThreadPoolExecutor$Worker.run(ThreadPoolExecutor.java:659) ~[tomcat-embed-core-10.1.20.jar:10.1.20]
	at org.apache.tomcat.util.threads.TaskThread$WrappingRunnable.run(TaskThread.java:63) ~[tomcat-embed-core-10.1.20.jar:10.1.20]
	at java.base/java.lang.Thread.run(Thread.java:840) ~[na:na]

Hibernate: 
    select
        u1_0.id,
        u1_0.email,
        u1_0.google_uid,
        u1_0.name,
        u1_0.password 
    from
        users u1_0 
    where
        u1_0.email=?
Hibernate: 
    select
        b1_0.id,
        b1_0.amount,
        b1_0.icon,
        b1_0.month,
        b1_0.name,
        b1_0.user_id,
        b1_0.year 
    from
        budgets b1_0 
    where
        b1_0.user_id=?
Hibernate: 
    select
        e1_0.budget_id,
        e1_0.id,
        e1_0.amount,
        e1_0.date,
        e1_0.description,
        e1_0.user_id 
    from
        expenses e1_0 
    where
        e1_0.budget_id=?
Hibernate: 
    select
        e1_0.budget_id,
        e1_0.id,
        e1_0.amount,
        e1_0.date,
        e1_0.description,
        e1_0.user_id 
    from
        expenses e1_0 
    where
        e1_0.budget_id=?
Hibernate: 
    select
        e1_0.budget_id,
        e1_0.id,
        e1_0.amount,
        e1_0.date,
        e1_0.description,
        e1_0.user_id 
    from
        expenses e1_0 
    where
        e1_0.budget_id=?
Hibernate: 
    select
        u1_0.id,
        u1_0.email,
        u1_0.google_uid,
        u1_0.name,
        u1_0.password 
    from
        users u1_0 
    where
        u1_0.email=?
Hibernate: 
    select
        b1_0.id,
        b1_0.amount,
        b1_0.icon,
        b1_0.month,
        b1_0.name,
        b1_0.user_id,
        b1_0.year 
    from
        budgets b1_0 
    where
        b1_0.user_id=?
Hibernate: 
    select
        e1_0.budget_id,
        e1_0.id,
        e1_0.amount,
        e1_0.date,
        e1_0.description,
        e1_0.user_id 
    from
        expenses e1_0 
    where
        e1_0.budget_id=?
Hibernate: 
    select
        e1_0.budget_id,
        e1_0.id,
        e1_0.amount,
        e1_0.date,
        e1_0.description,
        e1_0.user_id 
    from
        expenses e1_0 
    where
        e1_0.budget_id=?
Hibernate: 
    select
        e1_0.budget_id,
        e1_0.id,
        e1_0.amount,
        e1_0.date,
        e1_0.description,
        e1_0.user_id 
    from
        expenses e1_0 
    where
        e1_0.budget_id=?
Hibernate: 
    select
        u1_0.id,
        u1_0.email,
        u1_0.google_uid,
        u1_0.name,
        u1_0.password 
    from
        users u1_0 
    where
        u1_0.email=?
Hibernate: 
    select
        b1_0.id,
        b1_0.amount,
        b1_0.icon,
        b1_0.month,
        b1_0.name,
        b1_0.user_id,
        b1_0.year 
    from
        budgets b1_0 
    where
        b1_0.user_id=?
Hibernate: 
    select
        e1_0.budget_id,
        e1_0.id,
        e1_0.amount,
        e1_0.date,
        e1_0.description,
        e1_0.user_id 
    from
        expenses e1_0 
    where
        e1_0.budget_id=?
Hibernate: 
    select
        e1_0.budget_id,
        e1_0.id,
        e1_0.amount,
        e1_0.date,
        e1_0.description,
        e1_0.user_id 
    from
        expenses e1_0 
    where
        e1_0.budget_id=?
Hibernate: 
    select
        e1_0.budget_id,
        e1_0.id,
        e1_0.amount,
        e1_0.date,
        e1_0.description,
        e1_0.user_id 
    from
        expenses e1_0 
    where
        e1_0.budget_id=?
Hibernate: 
    select
        u1_0.id,
        u1_0.email,
        u1_0.google_uid,
        u1_0.name,
        u1_0.password 
    from
        users u1_0 
    where
        u1_0.email=?
Hibernate: 
    select
        e1_0.id,
        e1_0.amount,
        e1_0.budget_id,
        e1_0.date,
        e1_0.description,
        e1_0.user_id 
    from
        expenses e1_0 
    left join
        users u1_0 
            on u1_0.id=e1_0.user_id 
    where
        u1_0.email=?
Hibernate: 
    select
        b1_0.id,
        b1_0.amount,
        b1_0.icon,
        b1_0.month,
        b1_0.name,
        b1_0.user_id,
        b1_0.year 
    from
        budgets b1_0 
    where
        b1_0.id=?
2026-05-01T23:07:52.407+08:00 ERROR 23860 --- [nio-8080-exec-4] o.a.c.c.C.[.[.[/].[dispatcherServlet]    : Servlet.service() for servlet [dispatcherServlet] in context with path [] threw exception [Request processing failed: org.springframework.http.converter.HttpMessageConversionException: Type definition error: [simple type, class org.hibernate.proxy.pojo.bytebuddy.ByteBuddyInterceptor]] with root cause

com.fasterxml.jackson.databind.exc.InvalidDefinitionException: No serializer found for class org.hibernate.proxy.pojo.bytebuddy.ByteBuddyInterceptor and no properties discovered to create BeanSerializer (to avoid exception, disable SerializationFeature.FAIL_ON_EMPTY_BEANS) (through reference chain: java.util.ArrayList[0]->com.rahimi.expensetracker.model.Expense["budget"]->com.rahimi.expensetracker.model.Budget$HibernateProxy$GfoK7o84["hibernateLazyInitializer"])
	at com.fasterxml.jackson.databind.exc.InvalidDefinitionException.from(InvalidDefinitionException.java:77) ~[jackson-databind-2.15.4.jar:2.15.4]
	at com.fasterxml.jackson.databind.SerializerProvider.reportBadDefinition(SerializerProvider.java:1308) ~[jackson-databind-2.15.4.jar:2.15.4]
	at com.fasterxml.jackson.databind.DatabindContext.reportBadDefinition(DatabindContext.java:414) ~[jackson-databind-2.15.4.jar:2.15.4]
	at com.fasterxml.jackson.databind.ser.impl.UnknownSerializer.failForEmpty(UnknownSerializer.java:53) ~[jackson-databind-2.15.4.jar:2.15.4]
	at com.fasterxml.jackson.databind.ser.impl.UnknownSerializer.serialize(UnknownSerializer.java:30) ~[jackson-databind-2.15.4.jar:2.15.4]
	at com.fasterxml.jackson.databind.ser.BeanPropertyWriter.serializeAsField(BeanPropertyWriter.java:732) ~[jackson-databind-2.15.4.jar:2.15.4]
	at com.fasterxml.jackson.databind.ser.std.BeanSerializerBase.serializeFields(BeanSerializerBase.java:772) ~[jackson-databind-2.15.4.jar:2.15.4]
	at com.fasterxml.jackson.databind.ser.BeanSerializer.serialize(BeanSerializer.java:178) ~[jackson-databind-2.15.4.jar:2.15.4]
	at com.fasterxml.jackson.databind.ser.BeanPropertyWriter.serializeAsField(BeanPropertyWriter.java:732) ~[jackson-databind-2.15.4.jar:2.15.4]
	at com.fasterxml.jackson.databind.ser.std.BeanSerializerBase.serializeFields(BeanSerializerBase.java:772) ~[jackson-databind-2.15.4.jar:2.15.4]
	at com.fasterxml.jackson.databind.ser.BeanSerializer.serialize(BeanSerializer.java:178) ~[jackson-databind-2.15.4.jar:2.15.4]
	at com.fasterxml.jackson.databind.ser.impl.IndexedListSerializer.serializeContents(IndexedListSerializer.java:119) ~[jackson-databind-2.15.4.jar:2.15.4]
	at com.fasterxml.jackson.databind.ser.impl.IndexedListSerializer.serialize(IndexedListSerializer.java:79) ~[jackson-databind-2.15.4.jar:2.15.4]
	at com.fasterxml.jackson.databind.ser.impl.IndexedListSerializer.serialize(IndexedListSerializer.java:18) ~[jackson-databind-2.15.4.jar:2.15.4]
	at com.fasterxml.jackson.databind.ser.DefaultSerializerProvider._serialize(DefaultSerializerProvider.java:479) ~[jackson-databind-2.15.4.jar:2.15.4]
	at com.fasterxml.jackson.databind.ser.DefaultSerializerProvider.serializeValue(DefaultSerializerProvider.java:318) ~[jackson-databind-2.15.4.jar:2.15.4]
	at com.fasterxml.jackson.databind.ObjectWriter$Prefetch.serialize(ObjectWriter.java:1572) ~[jackson-databind-2.15.4.jar:2.15.4]
	at com.fasterxml.jackson.databind.ObjectWriter.writeValue(ObjectWriter.java:1061) ~[jackson-databind-2.15.4.jar:2.15.4]
	at org.springframework.http.converter.json.AbstractJackson2HttpMessageConverter.writeInternal(AbstractJackson2HttpMessageConverter.java:483) ~[spring-web-6.1.6.jar:6.1.6]
	at org.springframework.http.converter.AbstractGenericHttpMessageConverter.write(AbstractGenericHttpMessageConverter.java:114) ~[spring-web-6.1.6.jar:6.1.6]
	at org.springframework.web.servlet.mvc.method.annotation.AbstractMessageConverterMethodProcessor.writeWithMessageConverters(AbstractMessageConverterMethodProcessor.java:297) ~[spring-webmvc-6.1.6.jar:6.1.6]
	at org.springframework.web.servlet.mvc.method.annotation.HttpEntityMethodProcessor.handleReturnValue(HttpEntityMethodProcessor.java:245) ~[spring-webmvc-6.1.6.jar:6.1.6]
	at org.springframework.web.method.support.HandlerMethodReturnValueHandlerComposite.handleReturnValue(HandlerMethodReturnValueHandlerComposite.java:78) ~[spring-web-6.1.6.jar:6.1.6]
	at org.springframework.web.servlet.mvc.method.annotation.ServletInvocableHandlerMethod.invokeAndHandle(ServletInvocableHandlerMethod.java:136) ~[spring-webmvc-6.1.6.jar:6.1.6]
	at org.springframework.web.servlet.mvc.method.annotation.RequestMappingHandlerAdapter.invokeHandlerMethod(RequestMappingHandlerAdapter.java:926) ~[spring-webmvc-6.1.6.jar:6.1.6]
	at org.springframework.web.servlet.mvc.method.annotation.RequestMappingHandlerAdapter.handleInternal(RequestMappingHandlerAdapter.java:831) ~[spring-webmvc-6.1.6.jar:6.1.6]
	at org.springframework.web.servlet.mvc.method.AbstractHandlerMethodAdapter.handle(AbstractHandlerMethodAdapter.java:87) ~[spring-webmvc-6.1.6.jar:6.1.6]
	at org.springframework.web.servlet.DispatcherServlet.doDispatch(DispatcherServlet.java:1089) ~[spring-webmvc-6.1.6.jar:6.1.6]
	at org.springframework.web.servlet.DispatcherServlet.doService(DispatcherServlet.java:979) ~[spring-webmvc-6.1.6.jar:6.1.6]
	at org.springframework.web.servlet.FrameworkServlet.processRequest(FrameworkServlet.java:1014) ~[spring-webmvc-6.1.6.jar:6.1.6]
	at org.springframework.web.servlet.FrameworkServlet.doGet(FrameworkServlet.java:903) ~[spring-webmvc-6.1.6.jar:6.1.6]
	at jakarta.servlet.http.HttpServlet.service(HttpServlet.java:564) ~[tomcat-embed-core-10.1.20.jar:6.0]
	at org.springframework.web.servlet.FrameworkServlet.service(FrameworkServlet.java:885) ~[spring-webmvc-6.1.6.jar:6.1.6]
	at jakarta.servlet.http.HttpServlet.service(HttpServlet.java:658) ~[tomcat-embed-core-10.1.20.jar:6.0]
	at org.apache.catalina.core.ApplicationFilterChain.internalDoFilter(ApplicationFilterChain.java:206) ~[tomcat-embed-core-10.1.20.jar:10.1.20]
	at org.apache.catalina.core.ApplicationFilterChain.doFilter(ApplicationFilterChain.java:150) ~[tomcat-embed-core-10.1.20.jar:10.1.20]
	at org.apache.tomcat.websocket.server.WsFilter.doFilter(WsFilter.java:51) ~[tomcat-embed-websocket-10.1.20.jar:10.1.20]
	at org.apache.catalina.core.ApplicationFilterChain.internalDoFilter(ApplicationFilterChain.java:175) ~[tomcat-embed-core-10.1.20.jar:10.1.20]
	at org.apache.catalina.core.ApplicationFilterChain.doFilter(ApplicationFilterChain.java:150) ~[tomcat-embed-core-10.1.20.jar:10.1.20]
	at org.springframework.web.filter.OncePerRequestFilter.doFilter(OncePerRequestFilter.java:110) ~[spring-web-6.1.6.jar:6.1.6]
	at org.apache.catalina.core.ApplicationFilterChain.internalDoFilter(ApplicationFilterChain.java:175) ~[tomcat-embed-core-10.1.20.jar:10.1.20]
	at org.apache.catalina.core.ApplicationFilterChain.doFilter(ApplicationFilterChain.java:150) ~[tomcat-embed-core-10.1.20.jar:10.1.20]
	at org.springframework.web.filter.CompositeFilter$VirtualFilterChain.doFilter(CompositeFilter.java:108) ~[spring-web-6.1.6.jar:6.1.6]
	at org.springframework.security.web.FilterChainProxy.lambda$doFilterInternal$3(FilterChainProxy.java:231) ~[spring-security-web-6.2.4.jar:6.2.4]
	at org.springframework.security.web.FilterChainProxy$VirtualFilterChain.doFilter(FilterChainProxy.java:365) ~[spring-security-web-6.2.4.jar:6.2.4]
	at org.springframework.security.web.access.intercept.AuthorizationFilter.doFilter(AuthorizationFilter.java:100) ~[spring-security-web-6.2.4.jar:6.2.4]
	at org.springframework.security.web.FilterChainProxy$VirtualFilterChain.doFilter(FilterChainProxy.java:374) ~[spring-security-web-6.2.4.jar:6.2.4]
	at org.springframework.security.web.access.ExceptionTranslationFilter.doFilter(ExceptionTranslationFilter.java:126) ~[spring-security-web-6.2.4.jar:6.2.4]
	at org.springframework.security.web.access.ExceptionTranslationFilter.doFilter(ExceptionTranslationFilter.java:120) ~[spring-security-web-6.2.4.jar:6.2.4]
	at org.springframework.security.web.FilterChainProxy$VirtualFilterChain.doFilter(FilterChainProxy.java:374) ~[spring-security-web-6.2.4.jar:6.2.4]
	at org.springframework.security.web.session.SessionManagementFilter.doFilter(SessionManagementFilter.java:131) ~[spring-security-web-6.2.4.jar:6.2.4]
	at org.springframework.security.web.session.SessionManagementFilter.doFilter(SessionManagementFilter.java:85) ~[spring-security-web-6.2.4.jar:6.2.4]
	at org.springframework.security.web.FilterChainProxy$VirtualFilterChain.doFilter(FilterChainProxy.java:374) ~[spring-security-web-6.2.4.jar:6.2.4]
	at org.springframework.security.web.authentication.AnonymousAuthenticationFilter.doFilter(AnonymousAuthenticationFilter.java:100) ~[spring-security-web-6.2.4.jar:6.2.4]
	at org.springframework.security.web.FilterChainProxy$VirtualFilterChain.doFilter(FilterChainProxy.java:374) ~[spring-security-web-6.2.4.jar:6.2.4]
	at org.springframework.security.web.servletapi.SecurityContextHolderAwareRequestFilter.doFilter(SecurityContextHolderAwareRequestFilter.java:179) ~[spring-security-web-6.2.4.jar:6.2.4]
	at org.springframework.security.web.FilterChainProxy$VirtualFilterChain.doFilter(FilterChainProxy.java:374) ~[spring-security-web-6.2.4.jar:6.2.4]
	at org.springframework.security.web.savedrequest.RequestCacheAwareFilter.doFilter(RequestCacheAwareFilter.java:63) ~[spring-security-web-6.2.4.jar:6.2.4]
	at org.springframework.security.web.FilterChainProxy$VirtualFilterChain.doFilter(FilterChainProxy.java:374) ~[spring-security-web-6.2.4.jar:6.2.4]
	at org.springframework.security.web.authentication.logout.LogoutFilter.doFilter(LogoutFilter.java:107) ~[spring-security-web-6.2.4.jar:6.2.4]
	at org.springframework.security.web.authentication.logout.LogoutFilter.doFilter(LogoutFilter.java:93) ~[spring-security-web-6.2.4.jar:6.2.4]
	at org.springframework.security.web.FilterChainProxy$VirtualFilterChain.doFilter(FilterChainProxy.java:374) ~[spring-security-web-6.2.4.jar:6.2.4]
	at org.springframework.web.filter.CorsFilter.doFilterInternal(CorsFilter.java:91) ~[spring-web-6.1.6.jar:6.1.6]
	at org.springframework.web.filter.OncePerRequestFilter.doFilter(OncePerRequestFilter.java:116) ~[spring-web-6.1.6.jar:6.1.6]
	at org.springframework.security.web.FilterChainProxy$VirtualFilterChain.doFilter(FilterChainProxy.java:374) ~[spring-security-web-6.2.4.jar:6.2.4]
	at org.springframework.security.web.header.HeaderWriterFilter.doHeadersAfter(HeaderWriterFilter.java:90) ~[spring-security-web-6.2.4.jar:6.2.4]
	at org.springframework.security.web.header.HeaderWriterFilter.doFilterInternal(HeaderWriterFilter.java:75) ~[spring-security-web-6.2.4.jar:6.2.4]
	at org.springframework.web.filter.OncePerRequestFilter.doFilter(OncePerRequestFilter.java:116) ~[spring-web-6.1.6.jar:6.1.6]
	at org.springframework.security.web.FilterChainProxy$VirtualFilterChain.doFilter(FilterChainProxy.java:374) ~[spring-security-web-6.2.4.jar:6.2.4]
	at org.springframework.security.web.context.SecurityContextHolderFilter.doFilter(SecurityContextHolderFilter.java:82) ~[spring-security-web-6.2.4.jar:6.2.4]
	at org.springframework.security.web.context.SecurityContextHolderFilter.doFilter(SecurityContextHolderFilter.java:69) ~[spring-security-web-6.2.4.jar:6.2.4]
	at org.springframework.security.web.FilterChainProxy$VirtualFilterChain.doFilter(FilterChainProxy.java:374) ~[spring-security-web-6.2.4.jar:6.2.4]
	at org.springframework.security.web.context.request.async.WebAsyncManagerIntegrationFilter.doFilterInternal(WebAsyncManagerIntegrationFilter.java:62) ~[spring-security-web-6.2.4.jar:6.2.4]
	at org.springframework.web.filter.OncePerRequestFilter.doFilter(OncePerRequestFilter.java:116) ~[spring-web-6.1.6.jar:6.1.6]
	at org.springframework.security.web.FilterChainProxy$VirtualFilterChain.doFilter(FilterChainProxy.java:374) ~[spring-security-web-6.2.4.jar:6.2.4]
	at org.springframework.security.web.session.DisableEncodeUrlFilter.doFilterInternal(DisableEncodeUrlFilter.java:42) ~[spring-security-web-6.2.4.jar:6.2.4]
	at org.springframework.web.filter.OncePerRequestFilter.doFilter(OncePerRequestFilter.java:116) ~[spring-web-6.1.6.jar:6.1.6]
	at org.springframework.security.web.FilterChainProxy$VirtualFilterChain.doFilter(FilterChainProxy.java:374) ~[spring-security-web-6.2.4.jar:6.2.4]
	at org.springframework.security.web.FilterChainProxy.doFilterInternal(FilterChainProxy.java:233) ~[spring-security-web-6.2.4.jar:6.2.4]
	at org.springframework.security.web.FilterChainProxy.doFilter(FilterChainProxy.java:191) ~[spring-security-web-6.2.4.jar:6.2.4]
	at org.springframework.web.filter.CompositeFilter$VirtualFilterChain.doFilter(CompositeFilter.java:113) ~[spring-web-6.1.6.jar:6.1.6]
	at org.springframework.web.servlet.handler.HandlerMappingIntrospector.lambda$createCacheFilter$3(HandlerMappingIntrospector.java:195) ~[spring-webmvc-6.1.6.jar:6.1.6]
	at org.springframework.web.filter.CompositeFilter$VirtualFilterChain.doFilter(CompositeFilter.java:113) ~[spring-web-6.1.6.jar:6.1.6]
	at org.springframework.web.filter.CompositeFilter.doFilter(CompositeFilter.java:74) ~[spring-web-6.1.6.jar:6.1.6]
	at org.springframework.security.config.annotation.web.configuration.WebMvcSecurityConfiguration$CompositeFilterChainProxy.doFilter(WebMvcSecurityConfiguration.java:230) ~[spring-security-config-6.2.4.jar:6.2.4]
	at org.springframework.web.filter.DelegatingFilterProxy.invokeDelegate(DelegatingFilterProxy.java:352) ~[spring-web-6.1.6.jar:6.1.6]
	at org.springframework.web.filter.DelegatingFilterProxy.doFilter(DelegatingFilterProxy.java:268) ~[spring-web-6.1.6.jar:6.1.6]
	at org.apache.catalina.core.ApplicationFilterChain.internalDoFilter(ApplicationFilterChain.java:175) ~[tomcat-embed-core-10.1.20.jar:10.1.20]
	at org.apache.catalina.core.ApplicationFilterChain.doFilter(ApplicationFilterChain.java:150) ~[tomcat-embed-core-10.1.20.jar:10.1.20]
	at org.springframework.web.filter.RequestContextFilter.doFilterInternal(RequestContextFilter.java:100) ~[spring-web-6.1.6.jar:6.1.6]
	at org.springframework.web.filter.OncePerRequestFilter.doFilter(OncePerRequestFilter.java:116) ~[spring-web-6.1.6.jar:6.1.6]
	at org.apache.catalina.core.ApplicationFilterChain.internalDoFilter(ApplicationFilterChain.java:175) ~[tomcat-embed-core-10.1.20.jar:10.1.20]
	at org.apache.catalina.core.ApplicationFilterChain.doFilter(ApplicationFilterChain.java:150) ~[tomcat-embed-core-10.1.20.jar:10.1.20]
	at org.springframework.web.filter.FormContentFilter.doFilterInternal(FormContentFilter.java:93) ~[spring-web-6.1.6.jar:6.1.6]
	at org.springframework.web.filter.OncePerRequestFilter.doFilter(OncePerRequestFilter.java:116) ~[spring-web-6.1.6.jar:6.1.6]
	at org.apache.catalina.core.ApplicationFilterChain.internalDoFilter(ApplicationFilterChain.java:175) ~[tomcat-embed-core-10.1.20.jar:10.1.20]
	at org.apache.catalina.core.ApplicationFilterChain.doFilter(ApplicationFilterChain.java:150) ~[tomcat-embed-core-10.1.20.jar:10.1.20]
	at org.springframework.web.filter.CharacterEncodingFilter.doFilterInternal(CharacterEncodingFilter.java:201) ~[spring-web-6.1.6.jar:6.1.6]
	at org.springframework.web.filter.OncePerRequestFilter.doFilter(OncePerRequestFilter.java:116) ~[spring-web-6.1.6.jar:6.1.6]
	at org.apache.catalina.core.ApplicationFilterChain.internalDoFilter(ApplicationFilterChain.java:175) ~[tomcat-embed-core-10.1.20.jar:10.1.20]
	at org.apache.catalina.core.ApplicationFilterChain.doFilter(ApplicationFilterChain.java:150) ~[tomcat-embed-core-10.1.20.jar:10.1.20]
	at org.apache.catalina.core.StandardWrapperValve.invoke(StandardWrapperValve.java:167) ~[tomcat-embed-core-10.1.20.jar:10.1.20]
	at org.apache.catalina.core.StandardContextValve.invoke(StandardContextValve.java:90) ~[tomcat-embed-core-10.1.20.jar:10.1.20]
	at org.apache.catalina.authenticator.AuthenticatorBase.invoke(AuthenticatorBase.java:482) ~[tomcat-embed-core-10.1.20.jar:10.1.20]
	at org.apache.catalina.core.StandardHostValve.invoke(StandardHostValve.java:115) ~[tomcat-embed-core-10.1.20.jar:10.1.20]
	at org.apache.catalina.valves.ErrorReportValve.invoke(ErrorReportValve.java:93) ~[tomcat-embed-core-10.1.20.jar:10.1.20]
	at org.apache.catalina.core.StandardEngineValve.invoke(StandardEngineValve.java:74) ~[tomcat-embed-core-10.1.20.jar:10.1.20]
	at org.apache.catalina.connector.CoyoteAdapter.service(CoyoteAdapter.java:344) ~[tomcat-embed-core-10.1.20.jar:10.1.20]
	at org.apache.coyote.http11.Http11Processor.service(Http11Processor.java:391) ~[tomcat-embed-core-10.1.20.jar:10.1.20]
	at org.apache.coyote.AbstractProcessorLight.process(AbstractProcessorLight.java:63) ~[tomcat-embed-core-10.1.20.jar:10.1.20]
	at org.apache.coyote.AbstractProtocol$ConnectionHandler.process(AbstractProtocol.java:896) ~[tomcat-embed-core-10.1.20.jar:10.1.20]
	at org.apache.tomcat.util.net.NioEndpoint$SocketProcessor.doRun(NioEndpoint.java:1736) ~[tomcat-embed-core-10.1.20.jar:10.1.20]
	at org.apache.tomcat.util.net.SocketProcessorBase.run(SocketProcessorBase.java:52) ~[tomcat-embed-core-10.1.20.jar:10.1.20]
	at org.apache.tomcat.util.threads.ThreadPoolExecutor.runWorker(ThreadPoolExecutor.java:1191) ~[tomcat-embed-core-10.1.20.jar:10.1.20]
	at org.apache.tomcat.util.threads.ThreadPoolExecutor$Worker.run(ThreadPoolExecutor.java:659) ~[tomcat-embed-core-10.1.20.jar:10.1.20]
	at org.apache.tomcat.util.threads.TaskThread$WrappingRunnable.run(TaskThread.java:63) ~[tomcat-embed-core-10.1.20.jar:10.1.20]
	at java.base/java.lang.Thread.run(Thread.java:840) ~[na:na]

2026-05-01T23:08:37.899+08:00  INFO 23860 --- [   File Watcher] rtingClassPathChangeChangedEventListener : Restarting due to 16 class path changes (0 additions, 16 deletions, 0 modifications)
2026-05-01T23:08:37.965+08:00  INFO 23860 --- [      Thread-11] j.LocalContainerEntityManagerFactoryBean : Closing JPA EntityManagerFactory for persistence unit 'default'
2026-05-01T23:08:37.978+08:00  INFO 23860 --- [      Thread-11] com.zaxxer.hikari.HikariDataSource       : HikariPool-3 - Shutdown initiated...
2026-05-01T23:08:37.997+08:00  INFO 23860 --- [      Thread-11] com.zaxxer.hikari.HikariDataSource       : HikariPool-3 - Shutdown completed.

  .   ____          _            __ _ _
 /\\ / ___'_ __ _ _(_)_ __  __ _ \ \ \ \
( ( )\___ | '_ | '_| | '_ \/ _` | \ \ \ \
 \\/  ___)| |_)| | | | | || (_| |  ) ) ) )
  '  |____| .__|_| |_|_| |_\__, | / / / /
 =========|_|==============|___/=/_/_/_/
 :: Spring Boot ::                (v3.2.5)

2026-05-01T23:08:38.385+08:00  INFO 23860 --- [  restartedMain] c.r.e.ExpensetrackerApplication          : Starting ExpensetrackerApplication using Java 17.0.18 with PID 23860 (C:\Users\Rahimilocalacc\OneDrive\Documents\Portfolio\spendly-fixed\backend\target\classes started by Rahimilocalacc in C:\Users\Rahimilocalacc\OneDrive\Documents\Portfolio\spendly-fixed\backend)
2026-05-01T23:08:38.386+08:00  INFO 23860 --- [  restartedMain] c.r.e.ExpensetrackerApplication          : No active profile set, falling back to 1 default profile: "default"
2026-05-01T23:08:38.955+08:00  INFO 23860 --- [  restartedMain] .s.d.r.c.RepositoryConfigurationDelegate : Bootstrapping Spring Data JPA repositories in DEFAULT mode.
2026-05-01T23:08:38.966+08:00  INFO 23860 --- [  restartedMain] .s.d.r.c.RepositoryConfigurationDelegate : Finished Spring Data repository scanning in 9 ms. Found 0 JPA repository interfaces.
2026-05-01T23:08:39.096+08:00  WARN 23860 --- [  restartedMain] ConfigServletWebServerApplicationContext : Exception encountered during context initialization - cancelling refresh attempt: java.lang.NullPointerException: Cannot read field "generatedClass" because "data" is null
2026-05-01T23:08:39.107+08:00  INFO 23860 --- [  restartedMain] .s.b.a.l.ConditionEvaluationReportLogger : 

Error starting ApplicationContext. To display the condition evaluation report re-run your application with 'debug' enabled.
2026-05-01T23:08:39.169+08:00 ERROR 23860 --- [  restartedMain] o.s.boot.SpringApplication               : Application run failed

java.lang.NullPointerException: Cannot read field "generatedClass" because "data" is null
	at org.springframework.cglib.proxy.Enhancer.nextInstance(Enhancer.java:783) ~[spring-core-6.1.6.jar:6.1.6]
	at org.springframework.cglib.core.AbstractClassGenerator.create(AbstractClassGenerator.java:321) ~[spring-core-6.1.6.jar:6.1.6]
	at org.springframework.cglib.proxy.Enhancer.createHelper(Enhancer.java:562) ~[spring-core-6.1.6.jar:6.1.6]
	at org.springframework.cglib.proxy.Enhancer.createClass(Enhancer.java:407) ~[spring-core-6.1.6.jar:6.1.6]
	at org.springframework.context.annotation.ConfigurationClassEnhancer.createClass(ConfigurationClassEnhancer.java:138) ~[spring-context-6.1.6.jar:6.1.6]
	at org.springframework.context.annotation.ConfigurationClassEnhancer.enhance(ConfigurationClassEnhancer.java:109) ~[spring-context-6.1.6.jar:6.1.6]
	at org.springframework.context.annotation.ConfigurationClassPostProcessor.enhanceConfigurationClasses(ConfigurationClassPostProcessor.java:533) ~[spring-context-6.1.6.jar:6.1.6]
	at org.springframework.context.annotation.ConfigurationClassPostProcessor.postProcessBeanFactory(ConfigurationClassPostProcessor.java:310) ~[spring-context-6.1.6.jar:6.1.6]
	at org.springframework.context.support.PostProcessorRegistrationDelegate.invokeBeanFactoryPostProcessors(PostProcessorRegistrationDelegate.java:363) ~[spring-context-6.1.6.jar:6.1.6]
	at org.springframework.context.support.PostProcessorRegistrationDelegate.invokeBeanFactoryPostProcessors(PostProcessorRegistrationDelegate.java:153) ~[spring-context-6.1.6.jar:6.1.6]
	at org.springframework.context.support.AbstractApplicationContext.invokeBeanFactoryPostProcessors(AbstractApplicationContext.java:788) ~[spring-context-6.1.6.jar:6.1.6]
	at org.springframework.context.support.AbstractApplicationContext.refresh(AbstractApplicationContext.java:606) ~[spring-context-6.1.6.jar:6.1.6]
	at org.springframework.boot.web.servlet.context.ServletWebServerApplicationContext.refresh(ServletWebServerApplicationContext.java:146) ~[spring-boot-3.2.5.jar:3.2.5]
	at org.springframework.boot.SpringApplication.refresh(SpringApplication.java:754) ~[spring-boot-3.2.5.jar:3.2.5]
	at org.springframework.boot.SpringApplication.refreshContext(SpringApplication.java:456) ~[spring-boot-3.2.5.jar:3.2.5]
	at org.springframework.boot.SpringApplication.run(SpringApplication.java:334) ~[spring-boot-3.2.5.jar:3.2.5]
	at org.springframework.boot.SpringApplication.run(SpringApplication.java:1354) ~[spring-boot-3.2.5.jar:3.2.5]
	at org.springframework.boot.SpringApplication.run(SpringApplication.java:1343) ~[spring-boot-3.2.5.jar:3.2.5]
	at com.rahimi.expensetracker.ExpensetrackerApplication.main(ExpensetrackerApplication.java:9) ~[classes/:na]
	at java.base/jdk.internal.reflect.NativeMethodAccessorImpl.invoke0(Native Method) ~[na:na]
	at java.base/jdk.internal.reflect.NativeMethodAccessorImpl.invoke(NativeMethodAccessorImpl.java:77) ~[na:na]
	at java.base/jdk.internal.reflect.DelegatingMethodAccessorImpl.invoke(DelegatingMethodAccessorImpl.java:43) ~[na:na]
	at java.base/java.lang.reflect.Method.invoke(Method.java:569) ~[na:na]
	at org.springframework.boot.devtools.restart.RestartLauncher.run(RestartLauncher.java:50) ~[spring-boot-devtools-3.2.5.jar:3.2.5]


  .   ____          _            __ _ _
 /\\ / ___'_ __ _ _(_)_ __  __ _ \ \ \ \
( ( )\___ | '_ | '_| | '_ \/ _` | \ \ \ \
 \\/  ___)| |_)| | | | | || (_| |  ) ) ) )
  '  |____| .__|_| |_|_| |_\__, | / / / /
 =========|_|==============|___/=/_/_/_/
 :: Spring Boot ::                (v3.2.5)

2026-05-01T23:08:42.131+08:00  INFO 23860 --- [  restartedMain] c.r.e.ExpensetrackerApplication          : Starting ExpensetrackerApplication using Java 17.0.18 with PID 23860 (C:\Users\Rahimilocalacc\OneDrive\Documents\Portfolio\spendly-fixed\backend\target\classes started by Rahimilocalacc in C:\Users\Rahimilocalacc\OneDrive\Documents\Portfolio\spendly-fixed\backend)
2026-05-01T23:08:42.134+08:00  INFO 23860 --- [  restartedMain] c.r.e.ExpensetrackerApplication          : No active profile set, falling back to 1 default profile: "default"
2026-05-01T23:08:42.504+08:00  INFO 23860 --- [  restartedMain] .s.d.r.c.RepositoryConfigurationDelegate : Bootstrapping Spring Data JPA repositories in DEFAULT mode.
2026-05-01T23:08:42.526+08:00  INFO 23860 --- [  restartedMain] .s.d.r.c.RepositoryConfigurationDelegate : Finished Spring Data repository scanning in 22 ms. Found 3 JPA repository interfaces.
2026-05-01T23:08:42.708+08:00  INFO 23860 --- [  restartedMain] o.s.b.w.embedded.tomcat.TomcatWebServer  : Tomcat initialized with port 8080 (http)
2026-05-01T23:08:42.710+08:00  INFO 23860 --- [  restartedMain] o.apache.catalina.core.StandardService   : Starting service [Tomcat]
2026-05-01T23:08:42.711+08:00  INFO 23860 --- [  restartedMain] o.apache.catalina.core.StandardEngine    : Starting Servlet engine: [Apache Tomcat/10.1.20]
2026-05-01T23:08:42.740+08:00  INFO 23860 --- [  restartedMain] o.a.c.c.C.[Tomcat].[localhost].[/]       : Initializing Spring embedded WebApplicationContext
2026-05-01T23:08:42.754+08:00  INFO 23860 --- [  restartedMain] w.s.c.ServletWebServerApplicationContext : Root WebApplicationContext: initialization completed in 616 ms
2026-05-01T23:08:42.829+08:00  INFO 23860 --- [  restartedMain] o.hibernate.jpa.internal.util.LogHelper  : HHH000204: Processing PersistenceUnitInfo [name: default]
2026-05-01T23:08:42.837+08:00  INFO 23860 --- [  restartedMain] o.h.c.internal.RegionFactoryInitiator    : HHH000026: Second-level cache disabled
2026-05-01T23:08:42.848+08:00  INFO 23860 --- [  restartedMain] o.s.o.j.p.SpringPersistenceUnitInfo      : No LoadTimeWeaver setup: ignoring JPA class transformer
2026-05-01T23:08:42.851+08:00  INFO 23860 --- [  restartedMain] com.zaxxer.hikari.HikariDataSource       : HikariPool-4 - Starting...
2026-05-01T23:08:42.942+08:00  INFO 23860 --- [  restartedMain] com.zaxxer.hikari.pool.HikariPool        : HikariPool-4 - Added connection org.postgresql.jdbc.PgConnection@12670d43
2026-05-01T23:08:42.943+08:00  INFO 23860 --- [  restartedMain] com.zaxxer.hikari.HikariDataSource       : HikariPool-4 - Start completed.
2026-05-01T23:08:42.972+08:00  WARN 23860 --- [  restartedMain] org.hibernate.orm.deprecation            : HHH90000025: PostgreSQLDialect does not need to be specified explicitly using 'hibernate.dialect' (remove the property setting and it will be selected by default)
2026-05-01T23:08:43.096+08:00  INFO 23860 --- [  restartedMain] o.h.e.t.j.p.i.JtaPlatformInitiator       : HHH000489: No JTA platform available (set 'hibernate.transaction.jta.platform' to enable JTA platform integration)
2026-05-01T23:08:43.266+08:00  INFO 23860 --- [  restartedMain] j.LocalContainerEntityManagerFactoryBean : Initialized JPA EntityManagerFactory for persistence unit 'default'
2026-05-01T23:08:43.471+08:00  WARN 23860 --- [  restartedMain] JpaBaseConfiguration$JpaWebConfiguration : spring.jpa.open-in-view is enabled by default. Therefore, database queries may be performed during view rendering. Explicitly configure spring.jpa.open-in-view to disable this warning
2026-05-01T23:08:43.484+08:00  WARN 23860 --- [  restartedMain] .s.s.UserDetailsServiceAutoConfiguration : 

Using generated security password: beaa8720-db44-44b3-af03-ed7743521b4c

This generated password is for development use only. Your security configuration must be updated before running your application in production.

2026-05-01T23:08:43.663+08:00  INFO 23860 --- [  restartedMain] o.s.s.web.DefaultSecurityFilterChain     : Will secure any request with [org.springframework.security.web.session.DisableEncodeUrlFilter@730fe9fb, org.springframework.security.web.context.request.async.WebAsyncManagerIntegrationFilter@1427efc1, org.springframework.security.web.context.SecurityContextHolderFilter@29e7739f, org.springframework.security.web.header.HeaderWriterFilter@bdf8df4, org.springframework.web.filter.CorsFilter@6cf5e5b5, org.springframework.security.web.authentication.logout.LogoutFilter@dfba896, org.springframework.security.web.savedrequest.RequestCacheAwareFilter@b9669eb, org.springframework.security.web.servletapi.SecurityContextHolderAwareRequestFilter@7cd1f540, org.springframework.security.web.authentication.AnonymousAuthenticationFilter@6917021, org.springframework.security.web.session.SessionManagementFilter@697641ee, org.springframework.security.web.access.ExceptionTranslationFilter@19377c94, org.springframework.security.web.access.intercept.AuthorizationFilter@23605a19]
2026-05-01T23:08:43.788+08:00  INFO 23860 --- [  restartedMain] o.s.b.d.a.OptionalLiveReloadServer       : LiveReload server is running on port 35729
2026-05-01T23:08:43.808+08:00  INFO 23860 --- [  restartedMain] o.s.b.w.embedded.tomcat.TomcatWebServer  : Tomcat started on port 8080 (http) with context path ''
2026-05-01T23:08:43.817+08:00  INFO 23860 --- [  restartedMain] c.r.e.ExpensetrackerApplication          : Started ExpensetrackerApplication in 1.717 seconds (process running for 1241.201)
2026-05-01T23:08:43.821+08:00  INFO 23860 --- [  restartedMain] .ConditionEvaluationDeltaLoggingListener : Condition evaluation unchanged
2026-05-01T23:09:35.611+08:00  INFO 23860 --- [nio-8080-exec-1] o.a.c.c.C.[Tomcat].[localhost].[/]       : Initializing Spring DispatcherServlet 'dispatcherServlet'
2026-05-01T23:09:35.612+08:00  INFO 23860 --- [nio-8080-exec-1] o.s.web.servlet.DispatcherServlet        : Initializing Servlet 'dispatcherServlet'
2026-05-01T23:09:35.613+08:00  INFO 23860 --- [nio-8080-exec-1] o.s.web.servlet.DispatcherServlet        : Completed initialization in 1 ms
Hibernate: 
    select
        u1_0.id,
        u1_0.email,
        u1_0.google_uid,
        u1_0.name,
        u1_0.password 
    from
        users u1_0 
    where
        u1_0.email=?
Hibernate: 
    select
        e1_0.id,
        e1_0.amount,
        e1_0.budget_id,
        e1_0.date,
        e1_0.description,
        e1_0.user_id 
    from
        expenses e1_0 
    left join
        users u1_0 
            on u1_0.id=e1_0.user_id 
    where
        u1_0.email=?
Hibernate: 
    select
        b1_0.id,
        b1_0.amount,
        b1_0.icon,
        b1_0.month,
        b1_0.name,
        b1_0.user_id,
        b1_0.year 
    from
        budgets b1_0 
    where
        b1_0.id=?
Hibernate: 
    select
        b1_0.id,
        b1_0.amount,
        b1_0.icon,
        b1_0.month,
        b1_0.name,
        b1_0.user_id,
        b1_0.year 
    from
        budgets b1_0 
    where
        b1_0.id=?
Hibernate: 
    select
        b1_0.id,
        b1_0.amount,
        b1_0.icon,
        b1_0.month,
        b1_0.name,
        b1_0.user_id,
        b1_0.year 
    from
        budgets b1_0 
    where
        b1_0.id=?
Hibernate: 
    select
        u1_0.id,
        u1_0.email,
        u1_0.google_uid,
        u1_0.name,
        u1_0.password 
    from
        users u1_0 
    where
        u1_0.email=?
Hibernate: 
    select
        u1_0.id,
        u1_0.email,
        u1_0.google_uid,
        u1_0.name,
        u1_0.password 
    from
        users u1_0 
    where
        u1_0.email=?
Hibernate: 
    select
        b1_0.id,
        b1_0.amount,
        b1_0.icon,
        b1_0.month,
        b1_0.name,
        b1_0.user_id,
        b1_0.year 
    from
        budgets b1_0 
    where
        b1_0.user_id=?
Hibernate: 
    select
        e1_0.budget_id,
        e1_0.id,
        e1_0.amount,
        e1_0.date,
        e1_0.description,
        e1_0.user_id 
    from
        expenses e1_0 
    where
        e1_0.budget_id=?
Hibernate: 
    select
        e1_0.budget_id,
        e1_0.id,
        e1_0.amount,
        e1_0.date,
        e1_0.description,
        e1_0.user_id 
    from
        expenses e1_0 
    where
        e1_0.budget_id=?
Hibernate: 
    select
        e1_0.budget_id,
        e1_0.id,
        e1_0.amount,
        e1_0.date,
        e1_0.description,
        e1_0.user_id 
    from
        expenses e1_0 
    where
        e1_0.budget_id=?
Hibernate: 
    select
        b1_0.id,
        b1_0.amount,
        b1_0.icon,
        b1_0.month,
        b1_0.name,
        b1_0.user_id,
        b1_0.year 
    from
        budgets b1_0 
    where
        b1_0.id=?
Hibernate: 
    select
        u1_0.id,
        u1_0.email,
        u1_0.google_uid,
        u1_0.name,
        u1_0.password 
    from
        users u1_0 
    where
        u1_0.email=?
Hibernate: 
    select
        e1_0.budget_id,
        e1_0.id,
        e1_0.amount,
        e1_0.date,
        e1_0.description,
        e1_0.user_id 
    from
        expenses e1_0 
    where
        e1_0.budget_id=?
Hibernate: 
    delete 
    from
        expenses 
    where
        id=?
Hibernate: 
    delete 
    from
        expenses 
    where
        id=?
Hibernate: 
    delete 
    from
        expenses 
    where
        id=?
Hibernate: 
    delete 
    from
        budgets 
    where
        id=?
Hibernate: 
    select
        b1_0.id,
        b1_0.amount,
        b1_0.icon,
        b1_0.month,
        b1_0.name,
        b1_0.user_id,
        b1_0.year 
    from
        budgets b1_0 
    where
        b1_0.id=?
Hibernate: 
    select
        u1_0.id,
        u1_0.email,
        u1_0.google_uid,
        u1_0.name,
        u1_0.password 
    from
        users u1_0 
    where
        u1_0.email=?
Hibernate: 
    select
        e1_0.budget_id,
        e1_0.id,
        e1_0.amount,
        e1_0.date,
        e1_0.description,
        e1_0.user_id 
    from
        expenses e1_0 
    where
        e1_0.budget_id=?
Hibernate: 
    delete 
    from
        expenses 
    where
        id=?
Hibernate: 
    delete 
    from
        expenses 
    where
        id=?
Hibernate: 
    delete 
    from
        expenses 
    where
        id=?
Hibernate: 
    delete 
    from
        budgets 
    where
        id=?
Hibernate: 
    select
        b1_0.id,
        b1_0.amount,
        b1_0.icon,
        b1_0.month,
        b1_0.name,
        b1_0.user_id,
        b1_0.year 
    from
        budgets b1_0 
    where
        b1_0.id=?
Hibernate: 
    select
        u1_0.id,
        u1_0.email,
        u1_0.google_uid,
        u1_0.name,
        u1_0.password 
    from
        users u1_0 
    where
        u1_0.email=?
Hibernate: 
    select
        e1_0.budget_id,
        e1_0.id,
        e1_0.amount,
        e1_0.date,
        e1_0.description,
        e1_0.user_id 
    from
        expenses e1_0 
    where
        e1_0.budget_id=?
Hibernate: 
    delete 
    from
        expenses 
    where
        id=?
Hibernate: 
    delete 
    from
        expenses 
    where
        id=?
Hibernate: 
    delete 
    from
        budgets 
    where
        id=?
Hibernate: 
    select
        u1_0.id,
        u1_0.email,
        u1_0.google_uid,
        u1_0.name,
        u1_0.password 
    from
        users u1_0 
    where
        u1_0.id=?
Hibernate: 
    insert 
    into
        budgets
        (amount, icon, month, name, user_id, year) 
    values
        (?, ?, ?, ?, ?, ?)
Hibernate: 
    select
        b1_0.id,
        b1_0.amount,
        b1_0.icon,
        b1_0.month,
        b1_0.name,
        b1_0.user_id,
        b1_0.year 
    from
        budgets b1_0 
    where
        b1_0.id=?
Hibernate: 
    select
        u1_0.id,
        u1_0.email,
        u1_0.google_uid,
        u1_0.name,
        u1_0.password 
    from
        users u1_0 
    where
        u1_0.email=?
Hibernate: 
    insert 
    into
        expenses
        (amount, budget_id, date, description, user_id) 
    values
        (?, ?, ?, ?, ?)
Hibernate: 
    select
        b1_0.id,
        b1_0.amount,
        b1_0.icon,
        b1_0.month,
        b1_0.name,
        b1_0.user_id,
        b1_0.year 
    from
        budgets b1_0 
    where
        b1_0.id=?
Hibernate: 
    select
        u1_0.id,
        u1_0.email,
        u1_0.google_uid,
        u1_0.name,
        u1_0.password 
    from
        users u1_0 
    where
        u1_0.email=?
Hibernate: 
    insert 
    into
        expenses
        (amount, budget_id, date, description, user_id) 
    values
        (?, ?, ?, ?, ?)
Hibernate: 
    select
        b1_0.id,
        b1_0.amount,
        b1_0.icon,
        b1_0.month,
        b1_0.name,
        b1_0.user_id,
        b1_0.year 
    from
        budgets b1_0 
    where
        b1_0.id=?
Hibernate: 
    select
        u1_0.id,
        u1_0.email,
        u1_0.google_uid,
        u1_0.name,
        u1_0.password 
    from
        users u1_0 
    where
        u1_0.email=?
Hibernate: 
    insert 
    into
        expenses
        (amount, budget_id, date, description, user_id) 
    values
        (?, ?, ?, ?, ?)
Hibernate: 
    select
        u1_0.id,
        u1_0.email,
        u1_0.google_uid,
        u1_0.name,
        u1_0.password 
    from
        users u1_0 
    where
        u1_0.id=?
Hibernate: 
    insert 
    into
        budgets
        (amount, icon, month, name, user_id, year) 
    values
        (?, ?, ?, ?, ?, ?)
Hibernate: 
    select
        b1_0.id,
        b1_0.amount,
        b1_0.icon,
        b1_0.month,
        b1_0.name,
        b1_0.user_id,
        b1_0.year 
    from
        budgets b1_0 
    where
        b1_0.id=?
Hibernate: 
    select
        u1_0.id,
        u1_0.email,
        u1_0.google_uid,
        u1_0.name,
        u1_0.password 
    from
        users u1_0 
    where
        u1_0.email=?
Hibernate: 
    insert 
    into
        expenses
        (amount, budget_id, date, description, user_id) 
    values
        (?, ?, ?, ?, ?)
Hibernate: 
    select
        b1_0.id,
        b1_0.amount,
        b1_0.icon,
        b1_0.month,
        b1_0.name,
        b1_0.user_id,
        b1_0.year 
    from
        budgets b1_0 
    where
        b1_0.id=?
Hibernate: 
    select
        u1_0.id,
        u1_0.email,
        u1_0.google_uid,
        u1_0.name,
        u1_0.password 
    from
        users u1_0 
    where
        u1_0.email=?
Hibernate: 
    insert 
    into
        expenses
        (amount, budget_id, date, description, user_id) 
    values
        (?, ?, ?, ?, ?)
Hibernate: 
    select
        b1_0.id,
        b1_0.amount,
        b1_0.icon,
        b1_0.month,
        b1_0.name,
        b1_0.user_id,
        b1_0.year 
    from
        budgets b1_0 
    where
        b1_0.id=?
Hibernate: 
    select
        u1_0.id,
        u1_0.email,
        u1_0.google_uid,
        u1_0.name,
        u1_0.password 
    from
        users u1_0 
    where
        u1_0.email=?
Hibernate: 
    insert 
    into
        expenses
        (amount, budget_id, date, description, user_id) 
    values
        (?, ?, ?, ?, ?)
Hibernate: 
    select
        u1_0.id,
        u1_0.email,
        u1_0.google_uid,
        u1_0.name,
        u1_0.password 
    from
        users u1_0 
    where
        u1_0.id=?
Hibernate: 
    insert 
    into
        budgets
        (amount, icon, month, name, user_id, year) 
    values
        (?, ?, ?, ?, ?, ?)
Hibernate: 
    select
        b1_0.id,
        b1_0.amount,
        b1_0.icon,
        b1_0.month,
        b1_0.name,
        b1_0.user_id,
        b1_0.year 
    from
        budgets b1_0 
    where
        b1_0.id=?
Hibernate: 
    select
        u1_0.id,
        u1_0.email,
        u1_0.google_uid,
        u1_0.name,
        u1_0.password 
    from
        users u1_0 
    where
        u1_0.email=?
Hibernate: 
    insert 
    into
        expenses
        (amount, budget_id, date, description, user_id) 
    values
        (?, ?, ?, ?, ?)
Hibernate: 
    select
        b1_0.id,
        b1_0.amount,
        b1_0.icon,
        b1_0.month,
        b1_0.name,
        b1_0.user_id,
        b1_0.year 
    from
        budgets b1_0 
    where
        b1_0.id=?
Hibernate: 
    select
        u1_0.id,
        u1_0.email,
        u1_0.google_uid,
        u1_0.name,
        u1_0.password 
    from
        users u1_0 
    where
        u1_0.email=?
Hibernate: 
    insert 
    into
        expenses
        (amount, budget_id, date, description, user_id) 
    values
        (?, ?, ?, ?, ?)
Hibernate: 
    select
        u1_0.id,
        u1_0.email,
        u1_0.google_uid,
        u1_0.name,
        u1_0.password 
    from
        users u1_0 
    where
        u1_0.id=?
Hibernate: 
    insert 
    into
        budgets
        (amount, icon, month, name, user_id, year) 
    values
        (?, ?, ?, ?, ?, ?)
Hibernate: 
    select
        b1_0.id,
        b1_0.amount,
        b1_0.icon,
        b1_0.month,
        b1_0.name,
        b1_0.user_id,
        b1_0.year 
    from
        budgets b1_0 
    where
        b1_0.id=?
Hibernate: 
    select
        u1_0.id,
        u1_0.email,
        u1_0.google_uid,
        u1_0.name,
        u1_0.password 
    from
        users u1_0 
    where
        u1_0.email=?
Hibernate: 
    insert 
    into
        expenses
        (amount, budget_id, date, description, user_id) 
    values
        (?, ?, ?, ?, ?)
Hibernate: 
    select
        u1_0.id,
        u1_0.email,
        u1_0.google_uid,
        u1_0.name,
        u1_0.password 
    from
        users u1_0 
    where
        u1_0.email=?
Hibernate: 
    select
        b1_0.id,
        b1_0.amount,
        b1_0.icon,
        b1_0.month,
        b1_0.name,
        b1_0.user_id,
        b1_0.year 
    from
        budgets b1_0 
    where
        b1_0.user_id=?
Hibernate: 
    select
        e1_0.budget_id,
        e1_0.id,
        e1_0.amount,
        e1_0.date,
        e1_0.description,
        e1_0.user_id 
    from
        expenses e1_0 
    where
        e1_0.budget_id=?
Hibernate: 
    select
        e1_0.budget_id,
        e1_0.id,
        e1_0.amount,
        e1_0.date,
        e1_0.description,
        e1_0.user_id 
    from
        expenses e1_0 
    where
        e1_0.budget_id=?
Hibernate: 
    select
        e1_0.budget_id,
        e1_0.id,
        e1_0.amount,
        e1_0.date,
        e1_0.description,
        e1_0.user_id 
    from
        expenses e1_0 
    where
        e1_0.budget_id=?
Hibernate: 
    select
        e1_0.budget_id,
        e1_0.id,
        e1_0.amount,
        e1_0.date,
        e1_0.description,
        e1_0.user_id 
    from
        expenses e1_0 
    where
        e1_0.budget_id=?
Hibernate: 
    select
        u1_0.id,
        u1_0.email,
        u1_0.google_uid,
        u1_0.name,
        u1_0.password 
    from
        users u1_0 
    where
        u1_0.email=?
Hibernate: 
    select
        e1_0.id,
        e1_0.amount,
        e1_0.budget_id,
        e1_0.date,
        e1_0.description,
        e1_0.user_id 
    from
        expenses e1_0 
    left join
        users u1_0 
            on u1_0.id=e1_0.user_id 
    where
        u1_0.email=?
Hibernate: 
    select
        b1_0.id,
        b1_0.amount,
        b1_0.icon,
        b1_0.month,
        b1_0.name,
        b1_0.user_id,
        b1_0.year 
    from
        budgets b1_0 
    where
        b1_0.id=?
Hibernate: 
    select
        b1_0.id,
        b1_0.amount,
        b1_0.icon,
        b1_0.month,
        b1_0.name,
        b1_0.user_id,
        b1_0.year 
    from
        budgets b1_0 
    where
        b1_0.id=?
Hibernate: 
    select
        b1_0.id,
        b1_0.amount,
        b1_0.icon,
        b1_0.month,
        b1_0.name,
        b1_0.user_id,
        b1_0.year 
    from
        budgets b1_0 
    where
        b1_0.id=?
Hibernate: 
    select
        b1_0.id,
        b1_0.amount,
        b1_0.icon,
        b1_0.month,
        b1_0.name,
        b1_0.user_id,
        b1_0.year 
    from
        budgets b1_0 
    where
        b1_0.id=?
Hibernate: 
    select
        u1_0.id,
        u1_0.email,
        u1_0.google_uid,
        u1_0.name,
        u1_0.password 
    from
        users u1_0 
    where
        u1_0.email=?
Hibernate: 
    select
        b1_0.id,
        b1_0.amount,
        b1_0.icon,
        b1_0.month,
        b1_0.name,
        b1_0.user_id,
        b1_0.year 
    from
        budgets b1_0 
    where
        b1_0.user_id=?
Hibernate: 
    select
        e1_0.budget_id,
        e1_0.id,
        e1_0.amount,
        e1_0.date,
        e1_0.description,
        e1_0.user_id 
    from
        expenses e1_0 
    where
        e1_0.budget_id=?
Hibernate: 
    select
        e1_0.budget_id,
        e1_0.id,
        e1_0.amount,
        e1_0.date,
        e1_0.description,
        e1_0.user_id 
    from
        expenses e1_0 
    where
        e1_0.budget_id=?
Hibernate: 
    select
        e1_0.budget_id,
        e1_0.id,
        e1_0.amount,
        e1_0.date,
        e1_0.description,
        e1_0.user_id 
    from
        expenses e1_0 
    where
        e1_0.budget_id=?
Hibernate: 
    select
        e1_0.budget_id,
        e1_0.id,
        e1_0.amount,
        e1_0.date,
        e1_0.description,
        e1_0.user_id 
    from
        expenses e1_0 
    where
        e1_0.budget_id=?
Hibernate: 
    select
        u1_0.id,
        u1_0.email,
        u1_0.google_uid,
        u1_0.name,
        u1_0.password 
    from
        users u1_0 
    where
        u1_0.email=?
Hibernate: 
    select
        b1_0.id,
        b1_0.amount,
        b1_0.icon,
        b1_0.month,
        b1_0.name,
        b1_0.user_id,
        b1_0.year 
    from
        budgets b1_0 
    where
        b1_0.user_id=?
Hibernate: 
    select
        e1_0.budget_id,
        e1_0.id,
        e1_0.amount,
        e1_0.date,
        e1_0.description,
        e1_0.user_id 
    from
        expenses e1_0 
    where
        e1_0.budget_id=?
Hibernate: 
    select
        e1_0.budget_id,
        e1_0.id,
        e1_0.amount,
        e1_0.date,
        e1_0.description,
        e1_0.user_id 
    from
        expenses e1_0 
    where
        e1_0.budget_id=?
Hibernate: 
    select
        e1_0.budget_id,
        e1_0.id,
        e1_0.amount,
        e1_0.date,
        e1_0.description,
        e1_0.user_id 
    from
        expenses e1_0 
    where
        e1_0.budget_id=?
Hibernate: 
    select
        e1_0.budget_id,
        e1_0.id,
        e1_0.amount,
        e1_0.date,
        e1_0.description,
        e1_0.user_id 
    from
        expenses e1_0 
    where
        e1_0.budget_id=?
Hibernate: 
    select
        u1_0.id,
        u1_0.email,
        u1_0.google_uid,
        u1_0.name,
        u1_0.password 
    from
        users u1_0 
    where
        u1_0.email=?
Hibernate: 
    select
        e1_0.id,
        e1_0.amount,
        e1_0.budget_id,
        e1_0.date,
        e1_0.description,
        e1_0.user_id 
    from
        expenses e1_0 
    left join
        users u1_0 
            on u1_0.id=e1_0.user_id 
    where
        u1_0.email=?
Hibernate: 
    select
        b1_0.id,
        b1_0.amount,
        b1_0.icon,
        b1_0.month,
        b1_0.name,
        b1_0.user_id,
        b1_0.year 
    from
        budgets b1_0 
    where
        b1_0.id=?
Hibernate: 
    select
        b1_0.id,
        b1_0.amount,
        b1_0.icon,
        b1_0.month,
        b1_0.name,
        b1_0.user_id,
        b1_0.year 
    from
        budgets b1_0 
    where
        b1_0.id=?
Hibernate: 
    select
        b1_0.id,
        b1_0.amount,
        b1_0.icon,
        b1_0.month,
        b1_0.name,
        b1_0.user_id,
        b1_0.year 
    from
        budgets b1_0 
    where
        b1_0.id=?
Hibernate: 
    select
        b1_0.id,
        b1_0.amount,
        b1_0.icon,
        b1_0.month,
        b1_0.name,
        b1_0.user_id,
        b1_0.year 
    from
        budgets b1_0 
    where
        b1_0.id=?
Hibernate: 
    select
        u1_0.id,
        u1_0.email,
        u1_0.google_uid,
        u1_0.name,
        u1_0.password 
    from
        users u1_0 
    where
        u1_0.email=?
Hibernate: 
    select
        e1_0.id,
        e1_0.amount,
        e1_0.budget_id,
        e1_0.date,
        e1_0.description,
        e1_0.user_id 
    from
        expenses e1_0 
    left join
        users u1_0 
            on u1_0.id=e1_0.user_id 
    where
        u1_0.email=?
Hibernate: 
    select
        b1_0.id,
        b1_0.amount,
        b1_0.icon,
        b1_0.month,
        b1_0.name,
        b1_0.user_id,
        b1_0.year 
    from
        budgets b1_0 
    where
        b1_0.id=?
Hibernate: 
    select
        b1_0.id,
        b1_0.amount,
        b1_0.icon,
        b1_0.month,
        b1_0.name,
        b1_0.user_id,
        b1_0.year 
    from
        budgets b1_0 
    where
        b1_0.id=?
Hibernate: 
    select
        b1_0.id,
        b1_0.amount,
        b1_0.icon,
        b1_0.month,
        b1_0.name,
        b1_0.user_id,
        b1_0.year 
    from
        budgets b1_0 
    where
        b1_0.id=?
Hibernate: 
    select
        b1_0.id,
        b1_0.amount,
        b1_0.icon,
        b1_0.month,
        b1_0.name,
        b1_0.user_id,
        b1_0.year 
    from
        budgets b1_0 
    where
        b1_0.id=?
Hibernate: 
    select
        u1_0.id,
        u1_0.email,
        u1_0.google_uid,
        u1_0.name,
        u1_0.password 
    from
        users u1_0 
    where
        u1_0.id=?
Hibernate: 
    select
        b1_0.id,
        b1_0.amount,
        b1_0.icon,
        b1_0.month,
        b1_0.name,
        b1_0.user_id,
        b1_0.year 
    from
        budgets b1_0 
    where
        b1_0.user_id=?
Hibernate: 
    select
        e1_0.budget_id,
        e1_0.id,
        e1_0.amount,
        e1_0.date,
        e1_0.description,
        e1_0.user_id 
    from
        expenses e1_0 
    where
        e1_0.budget_id=?
Hibernate: 
    select
        e1_0.budget_id,
        e1_0.id,
        e1_0.amount,
        e1_0.date,
        e1_0.description,
        e1_0.user_id 
    from
        expenses e1_0 
    where
        e1_0.budget_id=?
Hibernate: 
    select
        e1_0.budget_id,
        e1_0.id,
        e1_0.amount,
        e1_0.date,
        e1_0.description,
        e1_0.user_id 
    from
        expenses e1_0 
    where
        e1_0.budget_id=?
Hibernate: 
    select
        e1_0.budget_id,
        e1_0.id,
        e1_0.amount,
        e1_0.date,
        e1_0.description,
        e1_0.user_id 
    from
        expenses e1_0 
    where
        e1_0.budget_id=?
Hibernate: 
    select
        u1_0.id,
        u1_0.email,
        u1_0.google_uid,
        u1_0.name,
        u1_0.password 
    from
        users u1_0 
    where
        u1_0.id=?
Hibernate: 
    select
        b1_0.id,
        b1_0.amount,
        b1_0.icon,
        b1_0.month,
        b1_0.name,
        b1_0.user_id,
        b1_0.year 
    from
        budgets b1_0 
    where
        b1_0.user_id=?
Hibernate: 
    select
        e1_0.budget_id,
        e1_0.id,
        e1_0.amount,
        e1_0.date,
        e1_0.description,
        e1_0.user_id 
    from
        expenses e1_0 
    where
        e1_0.budget_id=?
Hibernate: 
    select
        e1_0.budget_id,
        e1_0.id,
        e1_0.amount,
        e1_0.date,
        e1_0.description,
        e1_0.user_id 
    from
        expenses e1_0 
    where
        e1_0.budget_id=?
Hibernate: 
    select
        e1_0.budget_id,
        e1_0.id,
        e1_0.amount,
        e1_0.date,
        e1_0.description,
        e1_0.user_id 
    from
        expenses e1_0 
    where
        e1_0.budget_id=?
Hibernate: 
    select
        e1_0.budget_id,
        e1_0.id,
        e1_0.amount,
        e1_0.date,
        e1_0.description,
        e1_0.user_id 
    from
        expenses e1_0 
    where
        e1_0.budget_id=?
Hibernate: 
    select
        u1_0.id,
        u1_0.email,
        u1_0.google_uid,
        u1_0.name,
        u1_0.password 
    from
        users u1_0 
    where
        u1_0.email=?
Hibernate: 
    select
        b1_0.id,
        b1_0.amount,
        b1_0.icon,
        b1_0.month,
        b1_0.name,
        b1_0.user_id,
        b1_0.year 
    from
        budgets b1_0 
    where
        b1_0.user_id=?
Hibernate: 
    select
        e1_0.budget_id,
        e1_0.id,
        e1_0.amount,
        e1_0.date,
        e1_0.description,
        e1_0.user_id 
    from
        expenses e1_0 
    where
        e1_0.budget_id=?
Hibernate: 
    select
        e1_0.budget_id,
        e1_0.id,
        e1_0.amount,
        e1_0.date,
        e1_0.description,
        e1_0.user_id 
    from
        expenses e1_0 
    where
        e1_0.budget_id=?
Hibernate: 
    select
        e1_0.budget_id,
        e1_0.id,
        e1_0.amount,
        e1_0.date,
        e1_0.description,
        e1_0.user_id 
    from
        expenses e1_0 
    where
        e1_0.budget_id=?
Hibernate: 
    select
        e1_0.budget_id,
        e1_0.id,
        e1_0.amount,
        e1_0.date,
        e1_0.description,
        e1_0.user_id 
    from
        expenses e1_0 
    where
        e1_0.budget_id=?
2026-05-01T23:24:33.354+08:00  INFO 23860 --- [   File Watcher] rtingClassPathChangeChangedEventListener : Restarting due to 16 class path changes (0 additions, 16 deletions, 0 modifications)
2026-05-01T23:24:33.508+08:00  INFO 23860 --- [      Thread-15] j.LocalContainerEntityManagerFactoryBean : Closing JPA EntityManagerFactory for persistence unit 'default'
2026-05-01T23:24:33.534+08:00  INFO 23860 --- [      Thread-15] com.zaxxer.hikari.HikariDataSource       : HikariPool-4 - Shutdown initiated...
2026-05-01T23:24:33.546+08:00  INFO 23860 --- [      Thread-15] com.zaxxer.hikari.HikariDataSource       : HikariPool-4 - Shutdown completed.

  .   ____          _            __ _ _
 /\\ / ___'_ __ _ _(_)_ __  __ _ \ \ \ \
( ( )\___ | '_ | '_| | '_ \/ _` | \ \ \ \
 \\/  ___)| |_)| | | | | || (_| |  ) ) ) )
  '  |____| .__|_| |_|_| |_\__, | / / / /
 =========|_|==============|___/=/_/_/_/
 :: Spring Boot ::                (v3.2.5)

2026-05-01T23:24:34.238+08:00  INFO 23860 --- [  restartedMain] c.r.e.ExpensetrackerApplication          : Starting ExpensetrackerApplication using Java 17.0.18 with PID 23860 (C:\Users\Rahimilocalacc\OneDrive\Documents\Portfolio\spendly-fixed\backend\target\classes started by Rahimilocalacc in C:\Users\Rahimilocalacc\OneDrive\Documents\Portfolio\spendly-fixed\backend)
2026-05-01T23:24:34.239+08:00  INFO 23860 --- [  restartedMain] c.r.e.ExpensetrackerApplication          : No active profile set, falling back to 1 default profile: "default"
2026-05-01T23:24:34.628+08:00  INFO 23860 --- [  restartedMain] .s.d.r.c.RepositoryConfigurationDelegate : Bootstrapping Spring Data JPA repositories in DEFAULT mode.
2026-05-01T23:24:34.633+08:00  INFO 23860 --- [  restartedMain] .s.d.r.c.RepositoryConfigurationDelegate : Finished Spring Data repository scanning in 3 ms. Found 0 JPA repository interfaces.
2026-05-01T23:24:34.751+08:00  WARN 23860 --- [  restartedMain] ConfigServletWebServerApplicationContext : Exception encountered during context initialization - cancelling refresh attempt: java.lang.NullPointerException: Cannot read field "generatedClass" because "data" is null
2026-05-01T23:24:34.759+08:00  INFO 23860 --- [  restartedMain] .s.b.a.l.ConditionEvaluationReportLogger : 

Error starting ApplicationContext. To display the condition evaluation report re-run your application with 'debug' enabled.
2026-05-01T23:24:34.766+08:00 ERROR 23860 --- [  restartedMain] o.s.boot.SpringApplication               : Application run failed

java.lang.NullPointerException: Cannot read field "generatedClass" because "data" is null
	at org.springframework.cglib.proxy.Enhancer.nextInstance(Enhancer.java:783) ~[spring-core-6.1.6.jar:6.1.6]
	at org.springframework.cglib.core.AbstractClassGenerator.create(AbstractClassGenerator.java:321) ~[spring-core-6.1.6.jar:6.1.6]
	at org.springframework.cglib.proxy.Enhancer.createHelper(Enhancer.java:562) ~[spring-core-6.1.6.jar:6.1.6]
	at org.springframework.cglib.proxy.Enhancer.createClass(Enhancer.java:407) ~[spring-core-6.1.6.jar:6.1.6]
	at org.springframework.context.annotation.ConfigurationClassEnhancer.createClass(ConfigurationClassEnhancer.java:138) ~[spring-context-6.1.6.jar:6.1.6]
	at org.springframework.context.annotation.ConfigurationClassEnhancer.enhance(ConfigurationClassEnhancer.java:109) ~[spring-context-6.1.6.jar:6.1.6]
	at org.springframework.context.annotation.ConfigurationClassPostProcessor.enhanceConfigurationClasses(ConfigurationClassPostProcessor.java:533) ~[spring-context-6.1.6.jar:6.1.6]
	at org.springframework.context.annotation.ConfigurationClassPostProcessor.postProcessBeanFactory(ConfigurationClassPostProcessor.java:310) ~[spring-context-6.1.6.jar:6.1.6]
	at org.springframework.context.support.PostProcessorRegistrationDelegate.invokeBeanFactoryPostProcessors(PostProcessorRegistrationDelegate.java:363) ~[spring-context-6.1.6.jar:6.1.6]
	at org.springframework.context.support.PostProcessorRegistrationDelegate.invokeBeanFactoryPostProcessors(PostProcessorRegistrationDelegate.java:153) ~[spring-context-6.1.6.jar:6.1.6]
	at org.springframework.context.support.AbstractApplicationContext.invokeBeanFactoryPostProcessors(AbstractApplicationContext.java:788) ~[spring-context-6.1.6.jar:6.1.6]
	at org.springframework.context.support.AbstractApplicationContext.refresh(AbstractApplicationContext.java:606) ~[spring-context-6.1.6.jar:6.1.6]
	at org.springframework.boot.web.servlet.context.ServletWebServerApplicationContext.refresh(ServletWebServerApplicationContext.java:146) ~[spring-boot-3.2.5.jar:3.2.5]
	at org.springframework.boot.SpringApplication.refresh(SpringApplication.java:754) ~[spring-boot-3.2.5.jar:3.2.5]
	at org.springframework.boot.SpringApplication.refreshContext(SpringApplication.java:456) ~[spring-boot-3.2.5.jar:3.2.5]
	at org.springframework.boot.SpringApplication.run(SpringApplication.java:334) ~[spring-boot-3.2.5.jar:3.2.5]
	at org.springframework.boot.SpringApplication.run(SpringApplication.java:1354) ~[spring-boot-3.2.5.jar:3.2.5]
	at org.springframework.boot.SpringApplication.run(SpringApplication.java:1343) ~[spring-boot-3.2.5.jar:3.2.5]
	at com.rahimi.expensetracker.ExpensetrackerApplication.main(ExpensetrackerApplication.java:9) ~[classes/:na]
	at java.base/jdk.internal.reflect.NativeMethodAccessorImpl.invoke0(Native Method) ~[na:na]
	at java.base/jdk.internal.reflect.NativeMethodAccessorImpl.invoke(NativeMethodAccessorImpl.java:77) ~[na:na]
	at java.base/jdk.internal.reflect.DelegatingMethodAccessorImpl.invoke(DelegatingMethodAccessorImpl.java:43) ~[na:na]
	at java.base/java.lang.reflect.Method.invoke(Method.java:569) ~[na:na]
	at org.springframework.boot.devtools.restart.RestartLauncher.run(RestartLauncher.java:50) ~[spring-boot-devtools-3.2.5.jar:3.2.5]


  .   ____          _            __ _ _
 /\\ / ___'_ __ _ _(_)_ __  __ _ \ \ \ \
( ( )\___ | '_ | '_| | '_ \/ _` | \ \ \ \
 \\/  ___)| |_)| | | | | || (_| |  ) ) ) )
  '  |____| .__|_| |_|_| |_\__, | / / / /
 =========|_|==============|___/=/_/_/_/
 :: Spring Boot ::                (v3.2.5)

2026-05-01T23:24:37.152+08:00  INFO 23860 --- [  restartedMain] c.r.e.ExpensetrackerApplication          : Starting ExpensetrackerApplication using Java 17.0.18 with PID 23860 (C:\Users\Rahimilocalacc\OneDrive\Documents\Portfolio\spendly-fixed\backend\target\classes started by Rahimilocalacc in C:\Users\Rahimilocalacc\OneDrive\Documents\Portfolio\spendly-fixed\backend)
2026-05-01T23:24:37.153+08:00  INFO 23860 --- [  restartedMain] c.r.e.ExpensetrackerApplication          : No active profile set, falling back to 1 default profile: "default"
2026-05-01T23:24:37.670+08:00  INFO 23860 --- [  restartedMain] .s.d.r.c.RepositoryConfigurationDelegate : Bootstrapping Spring Data JPA repositories in DEFAULT mode.
2026-05-01T23:24:37.702+08:00  INFO 23860 --- [  restartedMain] .s.d.r.c.RepositoryConfigurationDelegate : Finished Spring Data repository scanning in 30 ms. Found 3 JPA repository interfaces.
2026-05-01T23:24:38.001+08:00  INFO 23860 --- [  restartedMain] o.s.b.w.embedded.tomcat.TomcatWebServer  : Tomcat initialized with port 8080 (http)
2026-05-01T23:24:38.003+08:00  INFO 23860 --- [  restartedMain] o.apache.catalina.core.StandardService   : Starting service [Tomcat]
2026-05-01T23:24:38.004+08:00  INFO 23860 --- [  restartedMain] o.apache.catalina.core.StandardEngine    : Starting Servlet engine: [Apache Tomcat/10.1.20]
2026-05-01T23:24:38.033+08:00  INFO 23860 --- [  restartedMain] o.a.c.c.C.[Tomcat].[localhost].[/]       : Initializing Spring embedded WebApplicationContext
2026-05-01T23:24:38.034+08:00  INFO 23860 --- [  restartedMain] w.s.c.ServletWebServerApplicationContext : Root WebApplicationContext: initialization completed in 876 ms
2026-05-01T23:24:38.141+08:00  INFO 23860 --- [  restartedMain] o.hibernate.jpa.internal.util.LogHelper  : HHH000204: Processing PersistenceUnitInfo [name: default]
2026-05-01T23:24:38.147+08:00  INFO 23860 --- [  restartedMain] o.h.c.internal.RegionFactoryInitiator    : HHH000026: Second-level cache disabled
2026-05-01T23:24:38.158+08:00  INFO 23860 --- [  restartedMain] o.s.o.j.p.SpringPersistenceUnitInfo      : No LoadTimeWeaver setup: ignoring JPA class transformer
2026-05-01T23:24:38.161+08:00  INFO 23860 --- [  restartedMain] com.zaxxer.hikari.HikariDataSource       : HikariPool-5 - Starting...
2026-05-01T23:24:38.279+08:00  INFO 23860 --- [  restartedMain] com.zaxxer.hikari.pool.HikariPool        : HikariPool-5 - Added connection org.postgresql.jdbc.PgConnection@67f97ea8
2026-05-01T23:24:38.281+08:00  INFO 23860 --- [  restartedMain] com.zaxxer.hikari.HikariDataSource       : HikariPool-5 - Start completed.
2026-05-01T23:24:38.319+08:00  WARN 23860 --- [  restartedMain] org.hibernate.orm.deprecation            : HHH90000025: PostgreSQLDialect does not need to be specified explicitly using 'hibernate.dialect' (remove the property setting and it will be selected by default)
2026-05-01T23:24:38.486+08:00  INFO 23860 --- [  restartedMain] o.h.e.t.j.p.i.JtaPlatformInitiator       : HHH000489: No JTA platform available (set 'hibernate.transaction.jta.platform' to enable JTA platform integration)
2026-05-01T23:24:38.656+08:00  INFO 23860 --- [  restartedMain] j.LocalContainerEntityManagerFactoryBean : Initialized JPA EntityManagerFactory for persistence unit 'default'
2026-05-01T23:24:38.911+08:00  WARN 23860 --- [  restartedMain] JpaBaseConfiguration$JpaWebConfiguration : spring.jpa.open-in-view is enabled by default. Therefore, database queries may be performed during view rendering. Explicitly configure spring.jpa.open-in-view to disable this warning
2026-05-01T23:24:38.927+08:00  WARN 23860 --- [  restartedMain] .s.s.UserDetailsServiceAutoConfiguration : 

Using generated security password: c8555da8-ed00-49cb-9d6d-f7ab3c6e8000

This generated password is for development use only. Your security configuration must be updated before running your application in production.

2026-05-01T23:24:39.126+08:00  INFO 23860 --- [  restartedMain] o.s.s.web.DefaultSecurityFilterChain     : Will secure any request with [org.springframework.security.web.session.DisableEncodeUrlFilter@6a96d84b, org.springframework.security.web.context.request.async.WebAsyncManagerIntegrationFilter@581864db, org.springframework.security.web.context.SecurityContextHolderFilter@30ccfbc1, org.springframework.security.web.header.HeaderWriterFilter@2f2b9714, org.springframework.web.filter.CorsFilter@38bfae1e, org.springframework.security.web.authentication.logout.LogoutFilter@2f379601, org.springframework.security.web.savedrequest.RequestCacheAwareFilter@52e14fae, org.springframework.security.web.servletapi.SecurityContextHolderAwareRequestFilter@2181e1d1, org.springframework.security.web.authentication.AnonymousAuthenticationFilter@6e93a516, org.springframework.security.web.session.SessionManagementFilter@5cdbbdb6, org.springframework.security.web.access.ExceptionTranslationFilter@5f67b51b, org.springframework.security.web.access.intercept.AuthorizationFilter@7902def4]
2026-05-01T23:24:39.313+08:00  INFO 23860 --- [  restartedMain] o.s.b.d.a.OptionalLiveReloadServer       : LiveReload server is running on port 35729
2026-05-01T23:24:39.332+08:00  INFO 23860 --- [  restartedMain] o.s.b.w.embedded.tomcat.TomcatWebServer  : Tomcat started on port 8080 (http) with context path ''
2026-05-01T23:24:39.343+08:00  INFO 23860 --- [  restartedMain] c.r.e.ExpensetrackerApplication          : Started ExpensetrackerApplication in 2.252 seconds (process running for 2196.726)
2026-05-01T23:24:39.345+08:00  INFO 23860 --- [  restartedMain] .ConditionEvaluationDeltaLoggingListener : Condition evaluation unchanged
2026-05-01T23:25:22.951+08:00  INFO 23860 --- [nio-8080-exec-1] o.a.c.c.C.[Tomcat].[localhost].[/]       : Initializing Spring DispatcherServlet 'dispatcherServlet'
2026-05-01T23:25:22.952+08:00  INFO 23860 --- [nio-8080-exec-1] o.s.web.servlet.DispatcherServlet        : Initializing Servlet 'dispatcherServlet'
2026-05-01T23:25:22.954+08:00  INFO 23860 --- [nio-8080-exec-1] o.s.web.servlet.DispatcherServlet        : Completed initialization in 2 ms
Hibernate: 
    select
        u1_0.id,
        u1_0.email,
        u1_0.google_uid,
        u1_0.name,
        u1_0.password 
    from
        users u1_0 
    where
        u1_0.email=?
Hibernate: 
    select
        b1_0.id,
        b1_0.amount,
        b1_0.icon,
        b1_0.month,
        b1_0.name,
        b1_0.user_id,
        b1_0.year 
    from
        budgets b1_0 
    where
        b1_0.user_id=?
Hibernate: 
    select
        e1_0.budget_id,
        e1_0.id,
        e1_0.amount,
        e1_0.date,
        e1_0.description,
        e1_0.user_id 
    from
        expenses e1_0 
    where
        e1_0.budget_id=?
Hibernate: 
    select
        e1_0.budget_id,
        e1_0.id,
        e1_0.amount,
        e1_0.date,
        e1_0.description,
        e1_0.user_id 
    from
        expenses e1_0 
    where
        e1_0.budget_id=?
Hibernate: 
    select
        e1_0.budget_id,
        e1_0.id,
        e1_0.amount,
        e1_0.date,
        e1_0.description,
        e1_0.user_id 
    from
        expenses e1_0 
    where
        e1_0.budget_id=?
Hibernate: 
    select
        e1_0.budget_id,
        e1_0.id,
        e1_0.amount,
        e1_0.date,
        e1_0.description,
        e1_0.user_id 
    from
        expenses e1_0 
    where
        e1_0.budget_id=?
Hibernate: 
    select
        b1_0.id,
        b1_0.amount,
        b1_0.icon,
        b1_0.month,
        b1_0.name,
        b1_0.user_id,
        b1_0.year 
    from
        budgets b1_0 
    where
        b1_0.id=?
Hibernate: 
    select
        u1_0.id,
        u1_0.email,
        u1_0.google_uid,
        u1_0.name,
        u1_0.password 
    from
        users u1_0 
    where
        u1_0.email=?
Hibernate: 
    update
        budgets 
    set
        amount=?,
        icon=?,
        month=?,
        name=?,
        user_id=?,
        year=? 
    where
        id=?
Hibernate: 
    select
        e1_0.budget_id,
        e1_0.id,
        e1_0.amount,
        e1_0.date,
        e1_0.description,
        e1_0.user_id 
    from
        expenses e1_0 
    where
        e1_0.budget_id=?
Hibernate: 
    select
        e1_0.id,
        e1_0.amount,
        e1_0.budget_id,
        e1_0.date,
        e1_0.description,
        e1_0.user_id 
    from
        expenses e1_0 
    where
        e1_0.id=?
Hibernate: 
    select
        u1_0.id,
        u1_0.email,
        u1_0.google_uid,
        u1_0.name,
        u1_0.password 
    from
        users u1_0 
    where
        u1_0.email=?
Hibernate: 
    select
        b1_0.id,
        b1_0.amount,
        b1_0.icon,
        b1_0.month,
        b1_0.name,
        b1_0.user_id,
        b1_0.year 
    from
        budgets b1_0 
    where
        b1_0.id=?
Hibernate: 
    select
        u1_0.id,
        u1_0.email,
        u1_0.google_uid,
        u1_0.name,
        u1_0.password 
    from
        users u1_0 
    where
        u1_0.email=?
Hibernate: 
    select
        b1_0.id,
        b1_0.amount,
        b1_0.icon,
        b1_0.month,
        b1_0.name,
        b1_0.user_id,
        b1_0.year 
    from
        budgets b1_0 
    where
        b1_0.user_id=?
Hibernate: 
    select
        e1_0.budget_id,
        e1_0.id,
        e1_0.amount,
        e1_0.date,
        e1_0.description,
        e1_0.user_id 
    from
        expenses e1_0 
    where
        e1_0.budget_id=?
Hibernate: 
    select
        e1_0.budget_id,
        e1_0.id,
        e1_0.amount,
        e1_0.date,
        e1_0.description,
        e1_0.user_id 
    from
        expenses e1_0 
    where
        e1_0.budget_id=?
Hibernate: 
    select
        e1_0.budget_id,
        e1_0.id,
        e1_0.amount,
        e1_0.date,
        e1_0.description,
        e1_0.user_id 
    from
        expenses e1_0 
    where
        e1_0.budget_id=?
Hibernate: 
    select
        e1_0.budget_id,
        e1_0.id,
        e1_0.amount,
        e1_0.date,
        e1_0.description,
        e1_0.user_id 
    from
        expenses e1_0 
    where
        e1_0.budget_id=?
Hibernate: 
    select
        u1_0.id,
        u1_0.email,
        u1_0.google_uid,
        u1_0.name,
        u1_0.password 
    from
        users u1_0 
    where
        u1_0.email=?
Hibernate: 
    select
        b1_0.id,
        b1_0.amount,
        b1_0.icon,
        b1_0.month,
        b1_0.name,
        b1_0.user_id,
        b1_0.year 
    from
        budgets b1_0 
    where
        b1_0.user_id=?
Hibernate: 
    select
        e1_0.budget_id,
        e1_0.id,
        e1_0.amount,
        e1_0.date,
        e1_0.description,
        e1_0.user_id 
    from
        expenses e1_0 
    where
        e1_0.budget_id=?
Hibernate: 
    select
        e1_0.budget_id,
        e1_0.id,
        e1_0.amount,
        e1_0.date,
        e1_0.description,
        e1_0.user_id 
    from
        expenses e1_0 
    where
        e1_0.budget_id=?
Hibernate: 
    select
        e1_0.budget_id,
        e1_0.id,
        e1_0.amount,
        e1_0.date,
        e1_0.description,
        e1_0.user_id 
    from
        expenses e1_0 
    where
        e1_0.budget_id=?
Hibernate: 
    select
        e1_0.budget_id,
        e1_0.id,
        e1_0.amount,
        e1_0.date,
        e1_0.description,
        e1_0.user_id 
    from
        expenses e1_0 
    where
        e1_0.budget_id=?
Hibernate: 
    select
        u1_0.id,
        u1_0.email,
        u1_0.google_uid,
        u1_0.name,
        u1_0.password 
    from
        users u1_0 
    where
        u1_0.email=?
Hibernate: 
    select
        b1_0.id,
        b1_0.amount,
        b1_0.icon,
        b1_0.month,
        b1_0.name,
        b1_0.user_id,
        b1_0.year 
    from
        budgets b1_0 
    where
        b1_0.user_id=?
Hibernate: 
    select
        e1_0.budget_id,
        e1_0.id,
        e1_0.amount,
        e1_0.date,
        e1_0.description,
        e1_0.user_id 
    from
        expenses e1_0 
    where
        e1_0.budget_id=?
Hibernate: 
    select
        e1_0.budget_id,
        e1_0.id,
        e1_0.amount,
        e1_0.date,
        e1_0.description,
        e1_0.user_id 
    from
        expenses e1_0 
    where
        e1_0.budget_id=?
Hibernate: 
    select
        e1_0.budget_id,
        e1_0.id,
        e1_0.amount,
        e1_0.date,
        e1_0.description,
        e1_0.user_id 
    from
        expenses e1_0 
    where
        e1_0.budget_id=?
Hibernate: 
    select
        e1_0.budget_id,
        e1_0.id,
        e1_0.amount,
        e1_0.date,
        e1_0.description,
        e1_0.user_id 
    from
        expenses e1_0 
    where
        e1_0.budget_id=?
Hibernate: 
    select
        u1_0.id,
        u1_0.email,
        u1_0.google_uid,
        u1_0.name,
        u1_0.password 
    from
        users u1_0 
    where
        u1_0.email=?
Hibernate: 
    select
        b1_0.id,
        b1_0.amount,
        b1_0.icon,
        b1_0.month,
        b1_0.name,
        b1_0.user_id,
        b1_0.year 
    from
        budgets b1_0 
    where
        b1_0.user_id=?
Hibernate: 
    select
        e1_0.budget_id,
        e1_0.id,
        e1_0.amount,
        e1_0.date,
        e1_0.description,
        e1_0.user_id 
    from
        expenses e1_0 
    where
        e1_0.budget_id=?
Hibernate: 
    select
        e1_0.budget_id,
        e1_0.id,
        e1_0.amount,
        e1_0.date,
        e1_0.description,
        e1_0.user_id 
    from
        expenses e1_0 
    where
        e1_0.budget_id=?
Hibernate: 
    select
        e1_0.budget_id,
        e1_0.id,
        e1_0.amount,
        e1_0.date,
        e1_0.description,
        e1_0.user_id 
    from
        expenses e1_0 
    where
        e1_0.budget_id=?
Hibernate: 
    select
        e1_0.budget_id,
        e1_0.id,
        e1_0.amount,
        e1_0.date,
        e1_0.description,
        e1_0.user_id 
    from
        expenses e1_0 
    where
        e1_0.budget_id=?
Hibernate: 
    select
        b1_0.id,
        b1_0.amount,
        b1_0.icon,
        b1_0.month,
        b1_0.name,
        b1_0.user_id,
        b1_0.year 
    from
        budgets b1_0 
    where
        b1_0.id=?
Hibernate: 
    select
        u1_0.id,
        u1_0.email,
        u1_0.google_uid,
        u1_0.name,
        u1_0.password 
    from
        users u1_0 
    where
        u1_0.email=?
Hibernate: 
    select
        e1_0.budget_id,
        e1_0.id,
        e1_0.amount,
        e1_0.date,
        e1_0.description,
        e1_0.user_id 
    from
        expenses e1_0 
    where
        e1_0.budget_id=?
Hibernate: 
    select
        b1_0.id,
        b1_0.amount,
        b1_0.icon,
        b1_0.month,
        b1_0.name,
        b1_0.user_id,
        b1_0.year 
    from
        budgets b1_0 
    where
        b1_0.id=?
Hibernate: 
    select
        u1_0.id,
        u1_0.email,
        u1_0.google_uid,
        u1_0.name,
        u1_0.password 
    from
        users u1_0 
    where
        u1_0.email=?
Hibernate: 
    select
        e1_0.budget_id,
        e1_0.id,
        e1_0.amount,
        e1_0.date,
        e1_0.description,
        e1_0.user_id 
    from
        expenses e1_0 
    where
        e1_0.budget_id=?
Hibernate: 
    select
        u1_0.id,
        u1_0.email,
        u1_0.google_uid,
        u1_0.name,
        u1_0.password 
    from
        users u1_0 
    where
        u1_0.email=?
Hibernate: 
    select
        b1_0.id,
        b1_0.amount,
        b1_0.icon,
        b1_0.month,
        b1_0.name,
        b1_0.user_id,
        b1_0.year 
    from
        budgets b1_0 
    where
        b1_0.user_id=?
Hibernate: 
    select
        e1_0.budget_id,
        e1_0.id,
        e1_0.amount,
        e1_0.date,
        e1_0.description,
        e1_0.user_id 
    from
        expenses e1_0 
    where
        e1_0.budget_id=?
Hibernate: 
    select
        e1_0.budget_id,
        e1_0.id,
        e1_0.amount,
        e1_0.date,
        e1_0.description,
        e1_0.user_id 
    from
        expenses e1_0 
    where
        e1_0.budget_id=?
Hibernate: 
    select
        e1_0.budget_id,
        e1_0.id,
        e1_0.amount,
        e1_0.date,
        e1_0.description,
        e1_0.user_id 
    from
        expenses e1_0 
    where
        e1_0.budget_id=?
Hibernate: 
    select
        e1_0.budget_id,
        e1_0.id,
        e1_0.amount,
        e1_0.date,
        e1_0.description,
        e1_0.user_id 
    from
        expenses e1_0 
    where
        e1_0.budget_id=?
Hibernate: 
    select
        u1_0.id,
        u1_0.email,
        u1_0.google_uid,
        u1_0.name,
        u1_0.password 
    from
        users u1_0 
    where
        u1_0.email=?
Hibernate: 
    select
        b1_0.id,
        b1_0.amount,
        b1_0.icon,
        b1_0.month,
        b1_0.name,
        b1_0.user_id,
        b1_0.year 
    from
        budgets b1_0 
    where
        b1_0.user_id=?
Hibernate: 
    select
        e1_0.budget_id,
        e1_0.id,
        e1_0.amount,
        e1_0.date,
        e1_0.description,
        e1_0.user_id 
    from
        expenses e1_0 
    where
        e1_0.budget_id=?
Hibernate: 
    select
        e1_0.budget_id,
        e1_0.id,
        e1_0.amount,
        e1_0.date,
        e1_0.description,
        e1_0.user_id 
    from
        expenses e1_0 
    where
        e1_0.budget_id=?
Hibernate: 
    select
        e1_0.budget_id,
        e1_0.id,
        e1_0.amount,
        e1_0.date,
        e1_0.description,
        e1_0.user_id 
    from
        expenses e1_0 
    where
        e1_0.budget_id=?
Hibernate: 
    select
        e1_0.budget_id,
        e1_0.id,
        e1_0.amount,
        e1_0.date,
        e1_0.description,
        e1_0.user_id 
    from
        expenses e1_0 
    where
        e1_0.budget_id=?
Hibernate: 
    select
        u1_0.id,
        u1_0.email,
        u1_0.google_uid,
        u1_0.name,
        u1_0.password 
    from
        users u1_0 
    where
        u1_0.email=?
Hibernate: 
    select
        u1_0.id,
        u1_0.email,
        u1_0.google_uid,
        u1_0.name,
        u1_0.password 
    from
        users u1_0 
    where
        u1_0.email=?
Hibernate: 
    select
        b1_0.id,
        b1_0.amount,
        b1_0.icon,
        b1_0.month,
        b1_0.name,
        b1_0.user_id,
        b1_0.year 
    from
        budgets b1_0 
    where
        b1_0.user_id=?
Hibernate: 
    select
        e1_0.budget_id,
        e1_0.id,
        e1_0.amount,
        e1_0.date,
        e1_0.description,
        e1_0.user_id 
    from
        expenses e1_0 
    where
        e1_0.budget_id=?
Hibernate: 
    select
        e1_0.budget_id,
        e1_0.id,
        e1_0.amount,
        e1_0.date,
        e1_0.description,
        e1_0.user_id 
    from
        expenses e1_0 
    where
        e1_0.budget_id=?
Hibernate: 
    select
        e1_0.budget_id,
        e1_0.id,
        e1_0.amount,
        e1_0.date,
        e1_0.description,
        e1_0.user_id 
    from
        expenses e1_0 
    where
        e1_0.budget_id=?
Hibernate: 
    select
        e1_0.budget_id,
        e1_0.id,
        e1_0.amount,
        e1_0.date,
        e1_0.description,
        e1_0.user_id 
    from
        expenses e1_0 
    where
        e1_0.budget_id=?
Hibernate: 
    select
        b1_0.id,
        b1_0.amount,
        b1_0.icon,
        b1_0.month,
        b1_0.name,
        b1_0.user_id,
        b1_0.year 
    from
        budgets b1_0 
    where
        b1_0.id=?
Hibernate: 
    select
        u1_0.id,
        u1_0.email,
        u1_0.google_uid,
        u1_0.name,
        u1_0.password 
    from
        users u1_0 
    where
        u1_0.email=?
Hibernate: 
    select
        e1_0.budget_id,
        e1_0.id,
        e1_0.amount,
        e1_0.date,
        e1_0.description,
        e1_0.user_id 
    from
        expenses e1_0 
    where
        e1_0.budget_id=?
Hibernate: 
    delete 
    from
        expenses 
    where
        id=?
Hibernate: 
    delete 
    from
        expenses 
    where
        id=?
Hibernate: 
    delete 
    from
        expenses 
    where
        id=?
Hibernate: 
    delete 
    from
        budgets 
    where
        id=?
Hibernate: 
    select
        b1_0.id,
        b1_0.amount,
        b1_0.icon,
        b1_0.month,
        b1_0.name,
        b1_0.user_id,
        b1_0.year 
    from
        budgets b1_0 
    where
        b1_0.id=?
Hibernate: 
    select
        u1_0.id,
        u1_0.email,
        u1_0.google_uid,
        u1_0.name,
        u1_0.password 
    from
        users u1_0 
    where
        u1_0.email=?
Hibernate: 
    select
        e1_0.budget_id,
        e1_0.id,
        e1_0.amount,
        e1_0.date,
        e1_0.description,
        e1_0.user_id 
    from
        expenses e1_0 
    where
        e1_0.budget_id=?
Hibernate: 
    delete 
    from
        expenses 
    where
        id=?
Hibernate: 
    delete 
    from
        expenses 
    where
        id=?
Hibernate: 
    delete 
    from
        budgets 
    where
        id=?
Hibernate: 
    select
        b1_0.id,
        b1_0.amount,
        b1_0.icon,
        b1_0.month,
        b1_0.name,
        b1_0.user_id,
        b1_0.year 
    from
        budgets b1_0 
    where
        b1_0.id=?
Hibernate: 
    select
        u1_0.id,
        u1_0.email,
        u1_0.google_uid,
        u1_0.name,
        u1_0.password 
    from
        users u1_0 
    where
        u1_0.email=?
Hibernate: 
    select
        e1_0.budget_id,
        e1_0.id,
        e1_0.amount,
        e1_0.date,
        e1_0.description,
        e1_0.user_id 
    from
        expenses e1_0 
    where
        e1_0.budget_id=?
Hibernate: 
    delete 
    from
        expenses 
    where
        id=?
Hibernate: 
    delete 
    from
        budgets 
    where
        id=?
Hibernate: 
    select
        b1_0.id,
        b1_0.amount,
        b1_0.icon,
        b1_0.month,
        b1_0.name,
        b1_0.user_id,
        b1_0.year 
    from
        budgets b1_0 
    where
        b1_0.id=?
Hibernate: 
    select
        u1_0.id,
        u1_0.email,
        u1_0.google_uid,
        u1_0.name,
        u1_0.password 
    from
        users u1_0 
    where
        u1_0.email=?
Hibernate: 
    select
        e1_0.budget_id,
        e1_0.id,
        e1_0.amount,
        e1_0.date,
        e1_0.description,
        e1_0.user_id 
    from
        expenses e1_0 
    where
        e1_0.budget_id=?
Hibernate: 
    delete 
    from
        expenses 
    where
        id=?
Hibernate: 
    delete 
    from
        expenses 
    where
        id=?
Hibernate: 
    delete 
    from
        expenses 
    where
        id=?
Hibernate: 
    delete 
    from
        budgets 
    where
        id=?
Hibernate: 
    select
        u1_0.id,
        u1_0.email,
        u1_0.google_uid,
        u1_0.name,
        u1_0.password 
    from
        users u1_0 
    where
        u1_0.id=?
Hibernate: 
    insert 
    into
        budgets
        (amount, icon, month, name, user_id, year) 
    values
        (?, ?, ?, ?, ?, ?)
Hibernate: 
    select
        b1_0.id,
        b1_0.amount,
        b1_0.icon,
        b1_0.month,
        b1_0.name,
        b1_0.user_id,
        b1_0.year 
    from
        budgets b1_0 
    where
        b1_0.id=?
Hibernate: 
    select
        u1_0.id,
        u1_0.email,
        u1_0.google_uid,
        u1_0.name,
        u1_0.password 
    from
        users u1_0 
    where
        u1_0.email=?
Hibernate: 
    insert 
    into
        expenses
        (amount, budget_id, date, description, user_id) 
    values
        (?, ?, ?, ?, ?)
Hibernate: 
    select
        b1_0.id,
        b1_0.amount,
        b1_0.icon,
        b1_0.month,
        b1_0.name,
        b1_0.user_id,
        b1_0.year 
    from
        budgets b1_0 
    where
        b1_0.id=?
Hibernate: 
    select
        u1_0.id,
        u1_0.email,
        u1_0.google_uid,
        u1_0.name,
        u1_0.password 
    from
        users u1_0 
    where
        u1_0.email=?
Hibernate: 
    insert 
    into
        expenses
        (amount, budget_id, date, description, user_id) 
    values
        (?, ?, ?, ?, ?)
Hibernate: 
    select
        b1_0.id,
        b1_0.amount,
        b1_0.icon,
        b1_0.month,
        b1_0.name,
        b1_0.user_id,
        b1_0.year 
    from
        budgets b1_0 
    where
        b1_0.id=?
Hibernate: 
    select
        u1_0.id,
        u1_0.email,
        u1_0.google_uid,
        u1_0.name,
        u1_0.password 
    from
        users u1_0 
    where
        u1_0.email=?
Hibernate: 
    insert 
    into
        expenses
        (amount, budget_id, date, description, user_id) 
    values
        (?, ?, ?, ?, ?)
Hibernate: 
    select
        u1_0.id,
        u1_0.email,
        u1_0.google_uid,
        u1_0.name,
        u1_0.password 
    from
        users u1_0 
    where
        u1_0.id=?
Hibernate: 
    insert 
    into
        budgets
        (amount, icon, month, name, user_id, year) 
    values
        (?, ?, ?, ?, ?, ?)
Hibernate: 
    select
        b1_0.id,
        b1_0.amount,
        b1_0.icon,
        b1_0.month,
        b1_0.name,
        b1_0.user_id,
        b1_0.year 
    from
        budgets b1_0 
    where
        b1_0.id=?
Hibernate: 
    select
        u1_0.id,
        u1_0.email,
        u1_0.google_uid,
        u1_0.name,
        u1_0.password 
    from
        users u1_0 
    where
        u1_0.email=?
Hibernate: 
    insert 
    into
        expenses
        (amount, budget_id, date, description, user_id) 
    values
        (?, ?, ?, ?, ?)
Hibernate: 
    select
        b1_0.id,
        b1_0.amount,
        b1_0.icon,
        b1_0.month,
        b1_0.name,
        b1_0.user_id,
        b1_0.year 
    from
        budgets b1_0 
    where
        b1_0.id=?
Hibernate: 
    select
        u1_0.id,
        u1_0.email,
        u1_0.google_uid,
        u1_0.name,
        u1_0.password 
    from
        users u1_0 
    where
        u1_0.email=?
Hibernate: 
    insert 
    into
        expenses
        (amount, budget_id, date, description, user_id) 
    values
        (?, ?, ?, ?, ?)
Hibernate: 
    select
        u1_0.id,
        u1_0.email,
        u1_0.google_uid,
        u1_0.name,
        u1_0.password 
    from
        users u1_0 
    where
        u1_0.id=?
Hibernate: 
    insert 
    into
        budgets
        (amount, icon, month, name, user_id, year) 
    values
        (?, ?, ?, ?, ?, ?)
Hibernate: 
    select
        b1_0.id,
        b1_0.amount,
        b1_0.icon,
        b1_0.month,
        b1_0.name,
        b1_0.user_id,
        b1_0.year 
    from
        budgets b1_0 
    where
        b1_0.id=?
Hibernate: 
    select
        u1_0.id,
        u1_0.email,
        u1_0.google_uid,
        u1_0.name,
        u1_0.password 
    from
        users u1_0 
    where
        u1_0.email=?
Hibernate: 
    insert 
    into
        expenses
        (amount, budget_id, date, description, user_id) 
    values
        (?, ?, ?, ?, ?)
Hibernate: 
    select
        u1_0.id,
        u1_0.email,
        u1_0.google_uid,
        u1_0.name,
        u1_0.password 
    from
        users u1_0 
    where
        u1_0.id=?
Hibernate: 
    insert 
    into
        budgets
        (amount, icon, month, name, user_id, year) 
    values
        (?, ?, ?, ?, ?, ?)
Hibernate: 
    select
        b1_0.id,
        b1_0.amount,
        b1_0.icon,
        b1_0.month,
        b1_0.name,
        b1_0.user_id,
        b1_0.year 
    from
        budgets b1_0 
    where
        b1_0.id=?
Hibernate: 
    select
        u1_0.id,
        u1_0.email,
        u1_0.google_uid,
        u1_0.name,
        u1_0.password 
    from
        users u1_0 
    where
        u1_0.email=?
Hibernate: 
    insert 
    into
        expenses
        (amount, budget_id, date, description, user_id) 
    values
        (?, ?, ?, ?, ?)
Hibernate: 
    select
        u1_0.id,
        u1_0.email,
        u1_0.google_uid,
        u1_0.name,
        u1_0.password 
    from
        users u1_0 
    where
        u1_0.id=?
Hibernate: 
    insert 
    into
        budgets
        (amount, icon, month, name, user_id, year) 
    values
        (?, ?, ?, ?, ?, ?)
Hibernate: 
    select
        b1_0.id,
        b1_0.amount,
        b1_0.icon,
        b1_0.month,
        b1_0.name,
        b1_0.user_id,
        b1_0.year 
    from
        budgets b1_0 
    where
        b1_0.id=?
Hibernate: 
    select
        u1_0.id,
        u1_0.email,
        u1_0.google_uid,
        u1_0.name,
        u1_0.password 
    from
        users u1_0 
    where
        u1_0.email=?
Hibernate: 
    insert 
    into
        expenses
        (amount, budget_id, date, description, user_id) 
    values
        (?, ?, ?, ?, ?)
Hibernate: 
    select
        u1_0.id,
        u1_0.email,
        u1_0.google_uid,
        u1_0.name,
        u1_0.password 
    from
        users u1_0 
    where
        u1_0.email=?
Hibernate: 
    select
        e1_0.id,
        e1_0.amount,
        e1_0.budget_id,
        e1_0.date,
        e1_0.description,
        e1_0.user_id 
    from
        expenses e1_0 
    left join
        users u1_0 
            on u1_0.id=e1_0.user_id 
    where
        u1_0.email=?
Hibernate: 
    select
        b1_0.id,
        b1_0.amount,
        b1_0.icon,
        b1_0.month,
        b1_0.name,
        b1_0.user_id,
        b1_0.year 
    from
        budgets b1_0 
    where
        b1_0.id=?
Hibernate: 
    select
        b1_0.id,
        b1_0.amount,
        b1_0.icon,
        b1_0.month,
        b1_0.name,
        b1_0.user_id,
        b1_0.year 
    from
        budgets b1_0 
    where
        b1_0.id=?
Hibernate: 
    select
        b1_0.id,
        b1_0.amount,
        b1_0.icon,
        b1_0.month,
        b1_0.name,
        b1_0.user_id,
        b1_0.year 
    from
        budgets b1_0 
    where
        b1_0.id=?
Hibernate: 
    select
        b1_0.id,
        b1_0.amount,
        b1_0.icon,
        b1_0.month,
        b1_0.name,
        b1_0.user_id,
        b1_0.year 
    from
        budgets b1_0 
    where
        b1_0.id=?
Hibernate: 
    select
        b1_0.id,
        b1_0.amount,
        b1_0.icon,
        b1_0.month,
        b1_0.name,
        b1_0.user_id,
        b1_0.year 
    from
        budgets b1_0 
    where
        b1_0.id=?
Hibernate: 
    select
        u1_0.id,
        u1_0.email,
        u1_0.google_uid,
        u1_0.name,
        u1_0.password 
    from
        users u1_0 
    where
        u1_0.email=?
Hibernate: 
    select
        b1_0.id,
        b1_0.amount,
        b1_0.icon,
        b1_0.month,
        b1_0.name,
        b1_0.user_id,
        b1_0.year 
    from
        budgets b1_0 
    where
        b1_0.user_id=?
Hibernate: 
    select
        e1_0.budget_id,
        e1_0.id,
        e1_0.amount,
        e1_0.date,
        e1_0.description,
        e1_0.user_id 
    from
        expenses e1_0 
    where
        e1_0.budget_id=?
Hibernate: 
    select
        e1_0.budget_id,
        e1_0.id,
        e1_0.amount,
        e1_0.date,
        e1_0.description,
        e1_0.user_id 
    from
        expenses e1_0 
    where
        e1_0.budget_id=?
Hibernate: 
    select
        e1_0.budget_id,
        e1_0.id,
        e1_0.amount,
        e1_0.date,
        e1_0.description,
        e1_0.user_id 
    from
        expenses e1_0 
    where
        e1_0.budget_id=?
Hibernate: 
    select
        e1_0.budget_id,
        e1_0.id,
        e1_0.amount,
        e1_0.date,
        e1_0.description,
        e1_0.user_id 
    from
        expenses e1_0 
    where
        e1_0.budget_id=?
Hibernate: 
    select
        e1_0.budget_id,
        e1_0.id,
        e1_0.amount,
        e1_0.date,
        e1_0.description,
        e1_0.user_id 
    from
        expenses e1_0 
    where
        e1_0.budget_id=?
Hibernate: 
    select
        u1_0.id,
        u1_0.email,
        u1_0.google_uid,
        u1_0.name,
        u1_0.password 
    from
        users u1_0 
    where
        u1_0.email=?
Hibernate: 
    select
        b1_0.id,
        b1_0.amount,
        b1_0.icon,
        b1_0.month,
        b1_0.name,
        b1_0.user_id,
        b1_0.year 
    from
        budgets b1_0 
    where
        b1_0.user_id=?
Hibernate: 
    select
        e1_0.budget_id,
        e1_0.id,
        e1_0.amount,
        e1_0.date,
        e1_0.description,
        e1_0.user_id 
    from
        expenses e1_0 
    where
        e1_0.budget_id=?
Hibernate: 
    select
        e1_0.budget_id,
        e1_0.id,
        e1_0.amount,
        e1_0.date,
        e1_0.description,
        e1_0.user_id 
    from
        expenses e1_0 
    where
        e1_0.budget_id=?
Hibernate: 
    select
        e1_0.budget_id,
        e1_0.id,
        e1_0.amount,
        e1_0.date,
        e1_0.description,
        e1_0.user_id 
    from
        expenses e1_0 
    where
        e1_0.budget_id=?
Hibernate: 
    select
        e1_0.budget_id,
        e1_0.id,
        e1_0.amount,
        e1_0.date,
        e1_0.description,
        e1_0.user_id 
    from
        expenses e1_0 
    where
        e1_0.budget_id=?
Hibernate: 
    select
        e1_0.budget_id,
        e1_0.id,
        e1_0.amount,
        e1_0.date,
        e1_0.description,
        e1_0.user_id 
    from
        expenses e1_0 
    where
        e1_0.budget_id=?
Hibernate: 
    select
        u1_0.id,
        u1_0.email,
        u1_0.google_uid,
        u1_0.name,
        u1_0.password 
    from
        users u1_0 
    where
        u1_0.email=?
Hibernate: 
    select
        b1_0.id,
        b1_0.amount,
        b1_0.icon,
        b1_0.month,
        b1_0.name,
        b1_0.user_id,
        b1_0.year 
    from
        budgets b1_0 
    where
        b1_0.user_id=?
Hibernate: 
    select
        e1_0.budget_id,
        e1_0.id,
        e1_0.amount,
        e1_0.date,
        e1_0.description,
        e1_0.user_id 
    from
        expenses e1_0 
    where
        e1_0.budget_id=?
Hibernate: 
    select
        e1_0.budget_id,
        e1_0.id,
        e1_0.amount,
        e1_0.date,
        e1_0.description,
        e1_0.user_id 
    from
        expenses e1_0 
    where
        e1_0.budget_id=?
Hibernate: 
    select
        e1_0.budget_id,
        e1_0.id,
        e1_0.amount,
        e1_0.date,
        e1_0.description,
        e1_0.user_id 
    from
        expenses e1_0 
    where
        e1_0.budget_id=?
Hibernate: 
    select
        e1_0.budget_id,
        e1_0.id,
        e1_0.amount,
        e1_0.date,
        e1_0.description,
        e1_0.user_id 
    from
        expenses e1_0 
    where
        e1_0.budget_id=?
Hibernate: 
    select
        e1_0.budget_id,
        e1_0.id,
        e1_0.amount,
        e1_0.date,
        e1_0.description,
        e1_0.user_id 
    from
        expenses e1_0 
    where
        e1_0.budget_id=?
Hibernate: 
    select
        u1_0.id,
        u1_0.email,
        u1_0.google_uid,
        u1_0.name,
        u1_0.password 
    from
        users u1_0 
    where
        u1_0.email=?
Hibernate: 
    select
        b1_0.id,
        b1_0.amount,
        b1_0.icon,
        b1_0.month,
        b1_0.name,
        b1_0.user_id,
        b1_0.year 
    from
        budgets b1_0 
    where
        b1_0.user_id=?
Hibernate: 
    select
        e1_0.budget_id,
        e1_0.id,
        e1_0.amount,
        e1_0.date,
        e1_0.description,
        e1_0.user_id 
    from
        expenses e1_0 
    where
        e1_0.budget_id=?
Hibernate: 
    select
        e1_0.budget_id,
        e1_0.id,
        e1_0.amount,
        e1_0.date,
        e1_0.description,
        e1_0.user_id 
    from
        expenses e1_0 
    where
        e1_0.budget_id=?
Hibernate: 
    select
        e1_0.budget_id,
        e1_0.id,
        e1_0.amount,
        e1_0.date,
        e1_0.description,
        e1_0.user_id 
    from
        expenses e1_0 
    where
        e1_0.budget_id=?
Hibernate: 
    select
        e1_0.budget_id,
        e1_0.id,
        e1_0.amount,
        e1_0.date,
        e1_0.description,
        e1_0.user_id 
    from
        expenses e1_0 
    where
        e1_0.budget_id=?
Hibernate: 
    select
        e1_0.budget_id,
        e1_0.id,
        e1_0.amount,
        e1_0.date,
        e1_0.description,
        e1_0.user_id 
    from
        expenses e1_0 
    where
        e1_0.budget_id=?
Hibernate: 
    select
        u1_0.id,
        u1_0.email,
        u1_0.google_uid,
        u1_0.name,
        u1_0.password 
    from
        users u1_0 
    where
        u1_0.email=?
Hibernate: 
    select
        b1_0.id,
        b1_0.amount,
        b1_0.icon,
        b1_0.month,
        b1_0.name,
        b1_0.user_id,
        b1_0.year 
    from
        budgets b1_0 
    where
        b1_0.user_id=?
Hibernate: 
    select
        e1_0.budget_id,
        e1_0.id,
        e1_0.amount,
        e1_0.date,
        e1_0.description,
        e1_0.user_id 
    from
        expenses e1_0 
    where
        e1_0.budget_id=?
Hibernate: 
    select
        e1_0.budget_id,
        e1_0.id,
        e1_0.amount,
        e1_0.date,
        e1_0.description,
        e1_0.user_id 
    from
        expenses e1_0 
    where
        e1_0.budget_id=?
Hibernate: 
    select
        e1_0.budget_id,
        e1_0.id,
        e1_0.amount,
        e1_0.date,
        e1_0.description,
        e1_0.user_id 
    from
        expenses e1_0 
    where
        e1_0.budget_id=?
Hibernate: 
    select
        e1_0.budget_id,
        e1_0.id,
        e1_0.amount,
        e1_0.date,
        e1_0.description,
        e1_0.user_id 
    from
        expenses e1_0 
    where
        e1_0.budget_id=?
Hibernate: 
    select
        e1_0.budget_id,
        e1_0.id,
        e1_0.amount,
        e1_0.date,
        e1_0.description,
        e1_0.user_id 
    from
        expenses e1_0 
    where
        e1_0.budget_id=?
Hibernate: 
    select
        u1_0.id,
        u1_0.email,
        u1_0.google_uid,
        u1_0.name,
        u1_0.password 
    from
        users u1_0 
    where
        u1_0.email=?
Hibernate: 
    select
        b1_0.id,
        b1_0.amount,
        b1_0.icon,
        b1_0.month,
        b1_0.name,
        b1_0.user_id,
        b1_0.year 
    from
        budgets b1_0 
    where
        b1_0.user_id=?
Hibernate: 
    select
        e1_0.budget_id,
        e1_0.id,
        e1_0.amount,
        e1_0.date,
        e1_0.description,
        e1_0.user_id 
    from
        expenses e1_0 
    where
        e1_0.budget_id=?
Hibernate: 
    select
        e1_0.budget_id,
        e1_0.id,
        e1_0.amount,
        e1_0.date,
        e1_0.description,
        e1_0.user_id 
    from
        expenses e1_0 
    where
        e1_0.budget_id=?
Hibernate: 
    select
        e1_0.budget_id,
        e1_0.id,
        e1_0.amount,
        e1_0.date,
        e1_0.description,
        e1_0.user_id 
    from
        expenses e1_0 
    where
        e1_0.budget_id=?
Hibernate: 
    select
        e1_0.budget_id,
        e1_0.id,
        e1_0.amount,
        e1_0.date,
        e1_0.description,
        e1_0.user_id 
    from
        expenses e1_0 
    where
        e1_0.budget_id=?
Hibernate: 
    select
        e1_0.budget_id,
        e1_0.id,
        e1_0.amount,
        e1_0.date,
        e1_0.description,
        e1_0.user_id 
    from
        expenses e1_0 
    where
        e1_0.budget_id=?
Hibernate: 
    select
        u1_0.id,
        u1_0.email,
        u1_0.google_uid,
        u1_0.name,
        u1_0.password 
    from
        users u1_0 
    where
        u1_0.email=?
Hibernate: 
    select
        b1_0.id,
        b1_0.amount,
        b1_0.icon,
        b1_0.month,
        b1_0.name,
        b1_0.user_id,
        b1_0.year 
    from
        budgets b1_0 
    where
        b1_0.user_id=?
Hibernate: 
    select
        e1_0.budget_id,
        e1_0.id,
        e1_0.amount,
        e1_0.date,
        e1_0.description,
        e1_0.user_id 
    from
        expenses e1_0 
    where
        e1_0.budget_id=?
Hibernate: 
    select
        e1_0.budget_id,
        e1_0.id,
        e1_0.amount,
        e1_0.date,
        e1_0.description,
        e1_0.user_id 
    from
        expenses e1_0 
    where
        e1_0.budget_id=?
Hibernate: 
    select
        e1_0.budget_id,
        e1_0.id,
        e1_0.amount,
        e1_0.date,
        e1_0.description,
        e1_0.user_id 
    from
        expenses e1_0 
    where
        e1_0.budget_id=?
Hibernate: 
    select
        e1_0.budget_id,
        e1_0.id,
        e1_0.amount,
        e1_0.date,
        e1_0.description,
        e1_0.user_id 
    from
        expenses e1_0 
    where
        e1_0.budget_id=?
Hibernate: 
    select
        e1_0.budget_id,
        e1_0.id,
        e1_0.amount,
        e1_0.date,
        e1_0.description,
        e1_0.user_id 
    from
        expenses e1_0 
    where
        e1_0.budget_id=?
2026-05-01T23:39:16.576+08:00  INFO 23860 --- [   File Watcher] rtingClassPathChangeChangedEventListener : Restarting due to 16 class path changes (0 additions, 16 deletions, 0 modifications)
2026-05-01T23:39:16.683+08:00  INFO 23860 --- [      Thread-22] j.LocalContainerEntityManagerFactoryBean : Closing JPA EntityManagerFactory for persistence unit 'default'
2026-05-01T23:39:16.708+08:00  INFO 23860 --- [      Thread-22] com.zaxxer.hikari.HikariDataSource       : HikariPool-5 - Shutdown initiated...
2026-05-01T23:39:16.721+08:00  INFO 23860 --- [      Thread-22] com.zaxxer.hikari.HikariDataSource       : HikariPool-5 - Shutdown completed.

  .   ____          _            __ _ _
 /\\ / ___'_ __ _ _(_)_ __  __ _ \ \ \ \
( ( )\___ | '_ | '_| | '_ \/ _` | \ \ \ \
 \\/  ___)| |_)| | | | | || (_| |  ) ) ) )
  '  |____| .__|_| |_|_| |_\__, | / / / /
 =========|_|==============|___/=/_/_/_/
 :: Spring Boot ::                (v3.2.5)

2026-05-01T23:39:17.265+08:00  INFO 23860 --- [  restartedMain] c.r.e.ExpensetrackerApplication          : Starting ExpensetrackerApplication using Java 17.0.18 with PID 23860 (C:\Users\Rahimilocalacc\OneDrive\Documents\Portfolio\spendly-fixed\backend\target\classes started by Rahimilocalacc in C:\Users\Rahimilocalacc\OneDrive\Documents\Portfolio\spendly-fixed\backend)
2026-05-01T23:39:17.265+08:00  INFO 23860 --- [  restartedMain] c.r.e.ExpensetrackerApplication          : No active profile set, falling back to 1 default profile: "default"
2026-05-01T23:39:17.626+08:00  INFO 23860 --- [  restartedMain] .s.d.r.c.RepositoryConfigurationDelegate : Bootstrapping Spring Data JPA repositories in DEFAULT mode.
2026-05-01T23:39:17.632+08:00  INFO 23860 --- [  restartedMain] .s.d.r.c.RepositoryConfigurationDelegate : Finished Spring Data repository scanning in 5 ms. Found 0 JPA repository interfaces.
2026-05-01T23:39:17.734+08:00  WARN 23860 --- [  restartedMain] ConfigServletWebServerApplicationContext : Exception encountered during context initialization - cancelling refresh attempt: java.lang.NullPointerException: Cannot read field "generatedClass" because "data" is null
2026-05-01T23:39:17.740+08:00  INFO 23860 --- [  restartedMain] .s.b.a.l.ConditionEvaluationReportLogger : 

Error starting ApplicationContext. To display the condition evaluation report re-run your application with 'debug' enabled.
2026-05-01T23:39:17.747+08:00 ERROR 23860 --- [  restartedMain] o.s.boot.SpringApplication               : Application run failed

java.lang.NullPointerException: Cannot read field "generatedClass" because "data" is null
	at org.springframework.cglib.proxy.Enhancer.nextInstance(Enhancer.java:783) ~[spring-core-6.1.6.jar:6.1.6]
	at org.springframework.cglib.core.AbstractClassGenerator.create(AbstractClassGenerator.java:321) ~[spring-core-6.1.6.jar:6.1.6]
	at org.springframework.cglib.proxy.Enhancer.createHelper(Enhancer.java:562) ~[spring-core-6.1.6.jar:6.1.6]
	at org.springframework.cglib.proxy.Enhancer.createClass(Enhancer.java:407) ~[spring-core-6.1.6.jar:6.1.6]
	at org.springframework.context.annotation.ConfigurationClassEnhancer.createClass(ConfigurationClassEnhancer.java:138) ~[spring-context-6.1.6.jar:6.1.6]
	at org.springframework.context.annotation.ConfigurationClassEnhancer.enhance(ConfigurationClassEnhancer.java:109) ~[spring-context-6.1.6.jar:6.1.6]
	at org.springframework.context.annotation.ConfigurationClassPostProcessor.enhanceConfigurationClasses(ConfigurationClassPostProcessor.java:533) ~[spring-context-6.1.6.jar:6.1.6]
	at org.springframework.context.annotation.ConfigurationClassPostProcessor.postProcessBeanFactory(ConfigurationClassPostProcessor.java:310) ~[spring-context-6.1.6.jar:6.1.6]
	at org.springframework.context.support.PostProcessorRegistrationDelegate.invokeBeanFactoryPostProcessors(PostProcessorRegistrationDelegate.java:363) ~[spring-context-6.1.6.jar:6.1.6]
	at org.springframework.context.support.PostProcessorRegistrationDelegate.invokeBeanFactoryPostProcessors(PostProcessorRegistrationDelegate.java:153) ~[spring-context-6.1.6.jar:6.1.6]
	at org.springframework.context.support.AbstractApplicationContext.invokeBeanFactoryPostProcessors(AbstractApplicationContext.java:788) ~[spring-context-6.1.6.jar:6.1.6]
	at org.springframework.context.support.AbstractApplicationContext.refresh(AbstractApplicationContext.java:606) ~[spring-context-6.1.6.jar:6.1.6]
	at org.springframework.boot.web.servlet.context.ServletWebServerApplicationContext.refresh(ServletWebServerApplicationContext.java:146) ~[spring-boot-3.2.5.jar:3.2.5]
	at org.springframework.boot.SpringApplication.refresh(SpringApplication.java:754) ~[spring-boot-3.2.5.jar:3.2.5]
	at org.springframework.boot.SpringApplication.refreshContext(SpringApplication.java:456) ~[spring-boot-3.2.5.jar:3.2.5]
	at org.springframework.boot.SpringApplication.run(SpringApplication.java:334) ~[spring-boot-3.2.5.jar:3.2.5]
	at org.springframework.boot.SpringApplication.run(SpringApplication.java:1354) ~[spring-boot-3.2.5.jar:3.2.5]
	at org.springframework.boot.SpringApplication.run(SpringApplication.java:1343) ~[spring-boot-3.2.5.jar:3.2.5]
	at com.rahimi.expensetracker.ExpensetrackerApplication.main(ExpensetrackerApplication.java:9) ~[classes/:na]
	at java.base/jdk.internal.reflect.NativeMethodAccessorImpl.invoke0(Native Method) ~[na:na]
	at java.base/jdk.internal.reflect.NativeMethodAccessorImpl.invoke(NativeMethodAccessorImpl.java:77) ~[na:na]
	at java.base/jdk.internal.reflect.DelegatingMethodAccessorImpl.invoke(DelegatingMethodAccessorImpl.java:43) ~[na:na]
	at java.base/java.lang.reflect.Method.invoke(Method.java:569) ~[na:na]
	at org.springframework.boot.devtools.restart.RestartLauncher.run(RestartLauncher.java:50) ~[spring-boot-devtools-3.2.5.jar:3.2.5]


  .   ____          _            __ _ _
 /\\ / ___'_ __ _ _(_)_ __  __ _ \ \ \ \
( ( )\___ | '_ | '_| | '_ \/ _` | \ \ \ \
 \\/  ___)| |_)| | | | | || (_| |  ) ) ) )
  '  |____| .__|_| |_|_| |_\__, | / / / /
 =========|_|==============|___/=/_/_/_/
 :: Spring Boot ::                (v3.2.5)

2026-05-01T23:39:20.099+08:00  INFO 23860 --- [  restartedMain] c.r.e.ExpensetrackerApplication          : Starting ExpensetrackerApplication using Java 17.0.18 with PID 23860 (C:\Users\Rahimilocalacc\OneDrive\Documents\Portfolio\spendly-fixed\backend\target\classes started by Rahimilocalacc in C:\Users\Rahimilocalacc\OneDrive\Documents\Portfolio\spendly-fixed\backend)
2026-05-01T23:39:20.100+08:00  INFO 23860 --- [  restartedMain] c.r.e.ExpensetrackerApplication          : No active profile set, falling back to 1 default profile: "default"
2026-05-01T23:39:20.557+08:00  INFO 23860 --- [  restartedMain] .s.d.r.c.RepositoryConfigurationDelegate : Bootstrapping Spring Data JPA repositories in DEFAULT mode.
2026-05-01T23:39:20.600+08:00  INFO 23860 --- [  restartedMain] .s.d.r.c.RepositoryConfigurationDelegate : Finished Spring Data repository scanning in 42 ms. Found 5 JPA repository interfaces.
2026-05-01T23:39:20.882+08:00  INFO 23860 --- [  restartedMain] o.s.b.w.embedded.tomcat.TomcatWebServer  : Tomcat initialized with port 8080 (http)
2026-05-01T23:39:20.884+08:00  INFO 23860 --- [  restartedMain] o.apache.catalina.core.StandardService   : Starting service [Tomcat]
2026-05-01T23:39:20.885+08:00  INFO 23860 --- [  restartedMain] o.apache.catalina.core.StandardEngine    : Starting Servlet engine: [Apache Tomcat/10.1.20]
2026-05-01T23:39:20.913+08:00  INFO 23860 --- [  restartedMain] o.a.c.c.C.[Tomcat].[localhost].[/]       : Initializing Spring embedded WebApplicationContext
2026-05-01T23:39:20.914+08:00  INFO 23860 --- [  restartedMain] w.s.c.ServletWebServerApplicationContext : Root WebApplicationContext: initialization completed in 810 ms
2026-05-01T23:39:21.007+08:00  INFO 23860 --- [  restartedMain] o.hibernate.jpa.internal.util.LogHelper  : HHH000204: Processing PersistenceUnitInfo [name: default]
2026-05-01T23:39:21.013+08:00  INFO 23860 --- [  restartedMain] o.h.c.internal.RegionFactoryInitiator    : HHH000026: Second-level cache disabled
2026-05-01T23:39:21.021+08:00  INFO 23860 --- [  restartedMain] o.s.o.j.p.SpringPersistenceUnitInfo      : No LoadTimeWeaver setup: ignoring JPA class transformer
2026-05-01T23:39:21.023+08:00  INFO 23860 --- [  restartedMain] com.zaxxer.hikari.HikariDataSource       : HikariPool-6 - Starting...
2026-05-01T23:39:21.118+08:00  INFO 23860 --- [  restartedMain] com.zaxxer.hikari.pool.HikariPool        : HikariPool-6 - Added connection org.postgresql.jdbc.PgConnection@9c5b105
2026-05-01T23:39:21.119+08:00  INFO 23860 --- [  restartedMain] com.zaxxer.hikari.HikariDataSource       : HikariPool-6 - Start completed.
2026-05-01T23:39:21.157+08:00  WARN 23860 --- [  restartedMain] org.hibernate.orm.deprecation            : HHH90000025: PostgreSQLDialect does not need to be specified explicitly using 'hibernate.dialect' (remove the property setting and it will be selected by default)
2026-05-01T23:39:21.355+08:00  INFO 23860 --- [  restartedMain] o.h.e.t.j.p.i.JtaPlatformInitiator       : HHH000489: No JTA platform available (set 'hibernate.transaction.jta.platform' to enable JTA platform integration)
Hibernate: 
    create table fixed_expenses (
        id bigserial not null,
        amount float(53),
        category varchar(255),
        due_day integer,
        name varchar(255),
        recurring boolean,
        user_id bigint not null,
        primary key (id)
    )
Hibernate: 
    create table incomes (
        id bigserial not null,
        amount float(53),
        name varchar(255),
        received_date date,
        recurring boolean,
        type varchar(255),
        user_id bigint not null,
        primary key (id)
    )
Hibernate: 
    alter table if exists fixed_expenses 
       add constraint FKqgb3apfdimn65gao2gok1m0yo 
       foreign key (user_id) 
       references users
Hibernate: 
    alter table if exists incomes 
       add constraint FKfq6qeso6vbt9wu7dyhnx8tpu9 
       foreign key (user_id) 
       references users
2026-05-01T23:39:21.700+08:00  INFO 23860 --- [  restartedMain] j.LocalContainerEntityManagerFactoryBean : Initialized JPA EntityManagerFactory for persistence unit 'default'
2026-05-01T23:39:21.940+08:00  WARN 23860 --- [  restartedMain] JpaBaseConfiguration$JpaWebConfiguration : spring.jpa.open-in-view is enabled by default. Therefore, database queries may be performed during view rendering. Explicitly configure spring.jpa.open-in-view to disable this warning
2026-05-01T23:39:21.954+08:00  WARN 23860 --- [  restartedMain] .s.s.UserDetailsServiceAutoConfiguration : 

Using generated security password: 16d2a629-dc04-445d-9b7e-9d8ba5fc8728

This generated password is for development use only. Your security configuration must be updated before running your application in production.

2026-05-01T23:39:22.087+08:00  INFO 23860 --- [  restartedMain] o.s.s.web.DefaultSecurityFilterChain     : Will secure any request with [org.springframework.security.web.session.DisableEncodeUrlFilter@f4b0f9b, org.springframework.security.web.context.request.async.WebAsyncManagerIntegrationFilter@6f34d252, org.springframework.security.web.context.SecurityContextHolderFilter@3840a775, org.springframework.security.web.header.HeaderWriterFilter@3f9f59e7, org.springframework.web.filter.CorsFilter@3ec9bb58, org.springframework.security.web.authentication.logout.LogoutFilter@3d7fd978, org.springframework.security.web.savedrequest.RequestCacheAwareFilter@451ad040, org.springframework.security.web.servletapi.SecurityContextHolderAwareRequestFilter@8ff965, org.springframework.security.web.authentication.AnonymousAuthenticationFilter@331ee34d, org.springframework.security.web.session.SessionManagementFilter@18417dfb, org.springframework.security.web.access.ExceptionTranslationFilter@199c977a, org.springframework.security.web.access.intercept.AuthorizationFilter@4cbcab6d]
2026-05-01T23:39:22.215+08:00  INFO 23860 --- [  restartedMain] o.s.b.d.a.OptionalLiveReloadServer       : LiveReload server is running on port 35729
2026-05-01T23:39:22.231+08:00  INFO 23860 --- [  restartedMain] o.s.b.w.embedded.tomcat.TomcatWebServer  : Tomcat started on port 8080 (http) with context path ''
2026-05-01T23:39:22.237+08:00  INFO 23860 --- [  restartedMain] c.r.e.ExpensetrackerApplication          : Started ExpensetrackerApplication in 2.174 seconds (process running for 3079.621)
2026-05-01T23:39:22.240+08:00  INFO 23860 --- [  restartedMain] .ConditionEvaluationDeltaLoggingListener : Condition evaluation unchanged
2026-05-01T23:40:17.442+08:00  INFO 23860 --- [nio-8080-exec-1] o.a.c.c.C.[Tomcat].[localhost].[/]       : Initializing Spring DispatcherServlet 'dispatcherServlet'
2026-05-01T23:40:17.443+08:00  INFO 23860 --- [nio-8080-exec-1] o.s.web.servlet.DispatcherServlet        : Initializing Servlet 'dispatcherServlet'
2026-05-01T23:40:17.444+08:00  INFO 23860 --- [nio-8080-exec-1] o.s.web.servlet.DispatcherServlet        : Completed initialization in 1 ms
Hibernate: 
    select
        u1_0.id,
        u1_0.email,
        u1_0.google_uid,
        u1_0.name,
        u1_0.password 
    from
        users u1_0 
    where
        u1_0.email=?
Hibernate: 
    insert 
    into
        incomes
        (amount, name, received_date, recurring, type, user_id) 
    values
        (?, ?, ?, ?, ?, ?)
Hibernate: 
    select
        u1_0.id,
        u1_0.email,
        u1_0.google_uid,
        u1_0.name,
        u1_0.password 
    from
        users u1_0 
    where
        u1_0.email=?
Hibernate: 
    insert 
    into
        incomes
        (amount, name, received_date, recurring, type, user_id) 
    values
        (?, ?, ?, ?, ?, ?)
Hibernate: 
    select
        u1_0.id,
        u1_0.email,
        u1_0.google_uid,
        u1_0.name,
        u1_0.password 
    from
        users u1_0 
    where
        u1_0.email=?
Hibernate: 
    insert 
    into
        fixed_expenses
        (amount, category, due_day, name, recurring, user_id) 
    values
        (?, ?, ?, ?, ?, ?)
Hibernate: 
    select
        u1_0.id,
        u1_0.email,
        u1_0.google_uid,
        u1_0.name,
        u1_0.password 
    from
        users u1_0 
    where
        u1_0.email=?
Hibernate: 
    insert 
    into
        fixed_expenses
        (amount, category, due_day, name, recurring, user_id) 
    values
        (?, ?, ?, ?, ?, ?)
Hibernate: 
    select
        u1_0.id,
        u1_0.email,
        u1_0.google_uid,
        u1_0.name,
        u1_0.password 
    from
        users u1_0 
    where
        u1_0.email=?
Hibernate: 
    insert 
    into
        fixed_expenses
        (amount, category, due_day, name, recurring, user_id) 
    values
        (?, ?, ?, ?, ?, ?)
Hibernate: 
    select
        u1_0.id,
        u1_0.email,
        u1_0.google_uid,
        u1_0.name,
        u1_0.password 
    from
        users u1_0 
    where
        u1_0.email=?
Hibernate: 
    insert 
    into
        fixed_expenses
        (amount, category, due_day, name, recurring, user_id) 
    values
        (?, ?, ?, ?, ?, ?)
Hibernate: 
    select
        u1_0.id,
        u1_0.email,
        u1_0.google_uid,
        u1_0.name,
        u1_0.password 
    from
        users u1_0 
    where
        u1_0.email=?
Hibernate: 
    select
        i1_0.id,
        i1_0.amount,
        i1_0.name,
        i1_0.received_date,
        i1_0.recurring,
        i1_0.type,
        i1_0.user_id 
    from
        incomes i1_0 
    left join
        users u1_0 
            on u1_0.id=i1_0.user_id 
    where
        u1_0.email=?
Hibernate: 
    select
        u1_0.id,
        u1_0.email,
        u1_0.google_uid,
        u1_0.name,
        u1_0.password 
    from
        users u1_0 
    where
        u1_0.email=?
Hibernate: 
    select
        fe1_0.id,
        fe1_0.amount,
        fe1_0.category,
        fe1_0.due_day,
        fe1_0.name,
        fe1_0.recurring,
        fe1_0.user_id 
    from
        fixed_expenses fe1_0 
    left join
        users u1_0 
            on u1_0.id=fe1_0.user_id 
    where
        u1_0.email=?
Hibernate: 
    select
        u1_0.id,
        u1_0.email,
        u1_0.google_uid,
        u1_0.name,
        u1_0.password 
    from
        users u1_0 
    where
        u1_0.email=?
Hibernate: 
    select
        i1_0.id,
        i1_0.amount,
        i1_0.name,
        i1_0.received_date,
        i1_0.recurring,
        i1_0.type,
        i1_0.user_id 
    from
        incomes i1_0 
    left join
        users u1_0 
            on u1_0.id=i1_0.user_id 
    where
        u1_0.email=?
Hibernate: 
    select
        u1_0.id,
        u1_0.email,
        u1_0.google_uid,
        u1_0.name,
        u1_0.password 
    from
        users u1_0 
    where
        u1_0.email=?
Hibernate: 
    select
        fe1_0.id,
        fe1_0.amount,
        fe1_0.category,
        fe1_0.due_day,
        fe1_0.name,
        fe1_0.recurring,
        fe1_0.user_id 
    from
        fixed_expenses fe1_0 
    left join
        users u1_0 
            on u1_0.id=fe1_0.user_id 
    where
        u1_0.email=?
Hibernate: 
    select
        u1_0.id,
        u1_0.email,
        u1_0.google_uid,
        u1_0.name,
        u1_0.password 
    from
        users u1_0 
    where
        u1_0.email=?
Hibernate: 
    select
        u1_0.id,
        u1_0.email,
        u1_0.google_uid,
        u1_0.name,
        u1_0.password 
    from
        users u1_0 
    where
        u1_0.email=?
Hibernate: 
    select
        u1_0.id,
        u1_0.email,
        u1_0.google_uid,
        u1_0.name,
        u1_0.password 
    from
        users u1_0 
    where
        u1_0.email=?
Hibernate: 
    select
        b1_0.id,
        b1_0.amount,
        b1_0.icon,
        b1_0.month,
        b1_0.name,
        b1_0.user_id,
        b1_0.year 
    from
        budgets b1_0 
    where
        b1_0.user_id=?
Hibernate: 
    select
        fe1_0.id,
        fe1_0.amount,
        fe1_0.category,
        fe1_0.due_day,
        fe1_0.name,
        fe1_0.recurring,
        fe1_0.user_id 
    from
        fixed_expenses fe1_0 
    left join
        users u1_0 
            on u1_0.id=fe1_0.user_id 
    where
        u1_0.email=?
Hibernate: 
    select
        i1_0.id,
        i1_0.amount,
        i1_0.name,
        i1_0.received_date,
        i1_0.recurring,
        i1_0.type,
        i1_0.user_id 
    from
        incomes i1_0 
    left join
        users u1_0 
            on u1_0.id=i1_0.user_id 
    where
        u1_0.email=?
Hibernate: 
    select
        e1_0.budget_id,
        e1_0.id,
        e1_0.amount,
        e1_0.date,
        e1_0.description,
        e1_0.user_id 
    from
        expenses e1_0 
    where
        e1_0.budget_id=?
Hibernate: 
    select
        e1_0.budget_id,
        e1_0.id,
        e1_0.amount,
        e1_0.date,
        e1_0.description,
        e1_0.user_id 
    from
        expenses e1_0 
    where
        e1_0.budget_id=?
Hibernate: 
    select
        e1_0.budget_id,
        e1_0.id,
        e1_0.amount,
        e1_0.date,
        e1_0.description,
        e1_0.user_id 
    from
        expenses e1_0 
    where
        e1_0.budget_id=?
Hibernate: 
    select
        e1_0.budget_id,
        e1_0.id,
        e1_0.amount,
        e1_0.date,
        e1_0.description,
        e1_0.user_id 
    from
        expenses e1_0 
    where
        e1_0.budget_id=?
Hibernate: 
    select
        e1_0.budget_id,
        e1_0.id,
        e1_0.amount,
        e1_0.date,
        e1_0.description,
        e1_0.user_id 
    from
        expenses e1_0 
    where
        e1_0.budget_id=?
Hibernate: 
    select
        u1_0.id,
        u1_0.email,
        u1_0.google_uid,
        u1_0.name,
        u1_0.password 
    from
        users u1_0 
    where
        u1_0.email=?
Hibernate: 
    select
        u1_0.id,
        u1_0.email,
        u1_0.google_uid,
        u1_0.name,
        u1_0.password 
    from
        users u1_0 
    where
        u1_0.email=?
Hibernate: 
    select
        i1_0.id,
        i1_0.amount,
        i1_0.name,
        i1_0.received_date,
        i1_0.recurring,
        i1_0.type,
        i1_0.user_id 
    from
        incomes i1_0 
    left join
        users u1_0 
            on u1_0.id=i1_0.user_id 
    where
        u1_0.email=?
Hibernate: 
    select
        fe1_0.id,
        fe1_0.amount,
        fe1_0.category,
        fe1_0.due_day,
        fe1_0.name,
        fe1_0.recurring,
        fe1_0.user_id 
    from
        fixed_expenses fe1_0 
    left join
        users u1_0 
            on u1_0.id=fe1_0.user_id 
    where
        u1_0.email=?
Hibernate: 
    select
        u1_0.id,
        u1_0.email,
        u1_0.google_uid,
        u1_0.name,
        u1_0.password 
    from
        users u1_0 
    where
        u1_0.email=?
Hibernate: 
    select
        b1_0.id,
        b1_0.amount,
        b1_0.icon,
        b1_0.month,
        b1_0.name,
        b1_0.user_id,
        b1_0.year 
    from
        budgets b1_0 
    where
        b1_0.user_id=?
Hibernate: 
    select
        e1_0.budget_id,
        e1_0.id,
        e1_0.amount,
        e1_0.date,
        e1_0.description,
        e1_0.user_id 
    from
        expenses e1_0 
    where
        e1_0.budget_id=?
Hibernate: 
    select
        e1_0.budget_id,
        e1_0.id,
        e1_0.amount,
        e1_0.date,
        e1_0.description,
        e1_0.user_id 
    from
        expenses e1_0 
    where
        e1_0.budget_id=?
Hibernate: 
    select
        e1_0.budget_id,
        e1_0.id,
        e1_0.amount,
        e1_0.date,
        e1_0.description,
        e1_0.user_id 
    from
        expenses e1_0 
    where
        e1_0.budget_id=?
Hibernate: 
    select
        e1_0.budget_id,
        e1_0.id,
        e1_0.amount,
        e1_0.date,
        e1_0.description,
        e1_0.user_id 
    from
        expenses e1_0 
    where
        e1_0.budget_id=?
Hibernate: 
    select
        e1_0.budget_id,
        e1_0.id,
        e1_0.amount,
        e1_0.date,
        e1_0.description,
        e1_0.user_id 
    from
        expenses e1_0 
    where
        e1_0.budget_id=?
Hibernate: 
    select
        u1_0.id,
        u1_0.email,
        u1_0.google_uid,
        u1_0.name,
        u1_0.password 
    from
        users u1_0 
    where
        u1_0.email=?
Hibernate: 
    select
        i1_0.id,
        i1_0.amount,
        i1_0.name,
        i1_0.received_date,
        i1_0.recurring,
        i1_0.type,
        i1_0.user_id 
    from
        incomes i1_0 
    left join
        users u1_0 
            on u1_0.id=i1_0.user_id 
    where
        u1_0.email=?
Hibernate: 
    select
        u1_0.id,
        u1_0.email,
        u1_0.google_uid,
        u1_0.name,
        u1_0.password 
    from
        users u1_0 
    where
        u1_0.email=?
Hibernate: 
    select
        i1_0.id,
        i1_0.amount,
        i1_0.name,
        i1_0.received_date,
        i1_0.recurring,
        i1_0.type,
        i1_0.user_id 
    from
        incomes i1_0 
    left join
        users u1_0 
            on u1_0.id=i1_0.user_id 
    where
        u1_0.email=?
Hibernate: 
    select
        u1_0.id,
        u1_0.email,
        u1_0.google_uid,
        u1_0.name,
        u1_0.password 
    from
        users u1_0 
    where
        u1_0.email=?
Hibernate: 
    select
        b1_0.id,
        b1_0.amount,
        b1_0.icon,
        b1_0.month,
        b1_0.name,
        b1_0.user_id,
        b1_0.year 
    from
        budgets b1_0 
    where
        b1_0.user_id=?
Hibernate: 
    select
        e1_0.budget_id,
        e1_0.id,
        e1_0.amount,
        e1_0.date,
        e1_0.description,
        e1_0.user_id 
    from
        expenses e1_0 
    where
        e1_0.budget_id=?
Hibernate: 
    select
        e1_0.budget_id,
        e1_0.id,
        e1_0.amount,
        e1_0.date,
        e1_0.description,
        e1_0.user_id 
    from
        expenses e1_0 
    where
        e1_0.budget_id=?
Hibernate: 
    select
        e1_0.budget_id,
        e1_0.id,
        e1_0.amount,
        e1_0.date,
        e1_0.description,
        e1_0.user_id 
    from
        expenses e1_0 
    where
        e1_0.budget_id=?
Hibernate: 
    select
        e1_0.budget_id,
        e1_0.id,
        e1_0.amount,
        e1_0.date,
        e1_0.description,
        e1_0.user_id 
    from
        expenses e1_0 
    where
        e1_0.budget_id=?
Hibernate: 
    select
        e1_0.budget_id,
        e1_0.id,
        e1_0.amount,
        e1_0.date,
        e1_0.description,
        e1_0.user_id 
    from
        expenses e1_0 
    where
        e1_0.budget_id=?
Hibernate: 
    select
        u1_0.id,
        u1_0.email,
        u1_0.google_uid,
        u1_0.name,
        u1_0.password 
    from
        users u1_0 
    where
        u1_0.email=?
Hibernate: 
    select
        b1_0.id,
        b1_0.amount,
        b1_0.icon,
        b1_0.month,
        b1_0.name,
        b1_0.user_id,
        b1_0.year 
    from
        budgets b1_0 
    where
        b1_0.user_id=?
Hibernate: 
    select
        e1_0.budget_id,
        e1_0.id,
        e1_0.amount,
        e1_0.date,
        e1_0.description,
        e1_0.user_id 
    from
        expenses e1_0 
    where
        e1_0.budget_id=?
Hibernate: 
    select
        e1_0.budget_id,
        e1_0.id,
        e1_0.amount,
        e1_0.date,
        e1_0.description,
        e1_0.user_id 
    from
        expenses e1_0 
    where
        e1_0.budget_id=?
Hibernate: 
    select
        e1_0.budget_id,
        e1_0.id,
        e1_0.amount,
        e1_0.date,
        e1_0.description,
        e1_0.user_id 
    from
        expenses e1_0 
    where
        e1_0.budget_id=?
Hibernate: 
    select
        e1_0.budget_id,
        e1_0.id,
        e1_0.amount,
        e1_0.date,
        e1_0.description,
        e1_0.user_id 
    from
        expenses e1_0 
    where
        e1_0.budget_id=?
Hibernate: 
    select
        e1_0.budget_id,
        e1_0.id,
        e1_0.amount,
        e1_0.date,
        e1_0.description,
        e1_0.user_id 
    from
        expenses e1_0 
    where
        e1_0.budget_id=?
Hibernate: 
    select
        u1_0.id,
        u1_0.email,
        u1_0.google_uid,
        u1_0.name,
        u1_0.password 
    from
        users u1_0 
    where
        u1_0.email=?
Hibernate: 
    select
        fe1_0.id,
        fe1_0.amount,
        fe1_0.category,
        fe1_0.due_day,
        fe1_0.name,
        fe1_0.recurring,
        fe1_0.user_id 
    from
        fixed_expenses fe1_0 
    left join
        users u1_0 
            on u1_0.id=fe1_0.user_id 
    where
        u1_0.email=?
Hibernate: 
    select
        u1_0.id,
        u1_0.email,
        u1_0.google_uid,
        u1_0.name,
        u1_0.password 
    from
        users u1_0 
    where
        u1_0.email=?
Hibernate: 
    select
        fe1_0.id,
        fe1_0.amount,
        fe1_0.category,
        fe1_0.due_day,
        fe1_0.name,
        fe1_0.recurring,
        fe1_0.user_id 
    from
        fixed_expenses fe1_0 
    left join
        users u1_0 
            on u1_0.id=fe1_0.user_id 
    where
        u1_0.email=?
Hibernate: 
    select
        u1_0.id,
        u1_0.email,
        u1_0.google_uid,
        u1_0.name,
        u1_0.password 
    from
        users u1_0 
    where
        u1_0.email=?
Hibernate: 
    select
        e1_0.id,
        e1_0.amount,
        e1_0.budget_id,
        e1_0.date,
        e1_0.description,
        e1_0.user_id 
    from
        expenses e1_0 
    left join
        users u1_0 
            on u1_0.id=e1_0.user_id 
    where
        u1_0.email=?
Hibernate: 
    select
        b1_0.id,
        b1_0.amount,
        b1_0.icon,
        b1_0.month,
        b1_0.name,
        b1_0.user_id,
        b1_0.year 
    from
        budgets b1_0 
    where
        b1_0.id=?
Hibernate: 
    select
        b1_0.id,
        b1_0.amount,
        b1_0.icon,
        b1_0.month,
        b1_0.name,
        b1_0.user_id,
        b1_0.year 
    from
        budgets b1_0 
    where
        b1_0.id=?
Hibernate: 
    select
        b1_0.id,
        b1_0.amount,
        b1_0.icon,
        b1_0.month,
        b1_0.name,
        b1_0.user_id,
        b1_0.year 
    from
        budgets b1_0 
    where
        b1_0.id=?
Hibernate: 
    select
        b1_0.id,
        b1_0.amount,
        b1_0.icon,
        b1_0.month,
        b1_0.name,
        b1_0.user_id,
        b1_0.year 
    from
        budgets b1_0 
    where
        b1_0.id=?
Hibernate: 
    select
        b1_0.id,
        b1_0.amount,
        b1_0.icon,
        b1_0.month,
        b1_0.name,
        b1_0.user_id,
        b1_0.year 
    from
        budgets b1_0 
    where
        b1_0.id=?
Hibernate: 
    select
        u1_0.id,
        u1_0.email,
        u1_0.google_uid,
        u1_0.name,
        u1_0.password 
    from
        users u1_0 
    where
        u1_0.email=?
Hibernate: 
    select
        e1_0.id,
        e1_0.amount,
        e1_0.budget_id,
        e1_0.date,
        e1_0.description,
        e1_0.user_id 
    from
        expenses e1_0 
    left join
        users u1_0 
            on u1_0.id=e1_0.user_id 
    where
        u1_0.email=?
Hibernate: 
    select
        b1_0.id,
        b1_0.amount,
        b1_0.icon,
        b1_0.month,
        b1_0.name,
        b1_0.user_id,
        b1_0.year 
    from
        budgets b1_0 
    where
        b1_0.id=?
Hibernate: 
    select
        b1_0.id,
        b1_0.amount,
        b1_0.icon,
        b1_0.month,
        b1_0.name,
        b1_0.user_id,
        b1_0.year 
    from
        budgets b1_0 
    where
        b1_0.id=?
Hibernate: 
    select
        b1_0.id,
        b1_0.amount,
        b1_0.icon,
        b1_0.month,
        b1_0.name,
        b1_0.user_id,
        b1_0.year 
    from
        budgets b1_0 
    where
        b1_0.id=?
Hibernate: 
    select
        b1_0.id,
        b1_0.amount,
        b1_0.icon,
        b1_0.month,
        b1_0.name,
        b1_0.user_id,
        b1_0.year 
    from
        budgets b1_0 
    where
        b1_0.id=?
Hibernate: 
    select
        b1_0.id,
        b1_0.amount,
        b1_0.icon,
        b1_0.month,
        b1_0.name,
        b1_0.user_id,
        b1_0.year 
    from
        budgets b1_0 
    where
        b1_0.id=?
Hibernate: 
    select
        u1_0.id,
        u1_0.email,
        u1_0.google_uid,
        u1_0.name,
        u1_0.password 
    from
        users u1_0 
    where
        u1_0.email=?
Hibernate: 
    select
        u1_0.id,
        u1_0.email,
        u1_0.google_uid,
        u1_0.name,
        u1_0.password 
    from
        users u1_0 
    where
        u1_0.email=?
Hibernate: 
    select
        u1_0.id,
        u1_0.email,
        u1_0.google_uid,
        u1_0.name,
        u1_0.password 
    from
        users u1_0 
    where
        u1_0.email=?
Hibernate: 
    select
        b1_0.id,
        b1_0.amount,
        b1_0.icon,
        b1_0.month,
        b1_0.name,
        b1_0.user_id,
        b1_0.year 
    from
        budgets b1_0 
    where
        b1_0.user_id=?
Hibernate: 
    select
        fe1_0.id,
        fe1_0.amount,
        fe1_0.category,
        fe1_0.due_day,
        fe1_0.name,
        fe1_0.recurring,
        fe1_0.user_id 
    from
        fixed_expenses fe1_0 
    left join
        users u1_0 
            on u1_0.id=fe1_0.user_id 
    where
        u1_0.email=?
Hibernate: 
    select
        i1_0.id,
        i1_0.amount,
        i1_0.name,
        i1_0.received_date,
        i1_0.recurring,
        i1_0.type,
        i1_0.user_id 
    from
        incomes i1_0 
    left join
        users u1_0 
            on u1_0.id=i1_0.user_id 
    where
        u1_0.email=?
Hibernate: 
    select
        e1_0.budget_id,
        e1_0.id,
        e1_0.amount,
        e1_0.date,
        e1_0.description,
        e1_0.user_id 
    from
        expenses e1_0 
    where
        e1_0.budget_id=?
Hibernate: 
    select
        e1_0.budget_id,
        e1_0.id,
        e1_0.amount,
        e1_0.date,
        e1_0.description,
        e1_0.user_id 
    from
        expenses e1_0 
    where
        e1_0.budget_id=?
Hibernate: 
    select
        e1_0.budget_id,
        e1_0.id,
        e1_0.amount,
        e1_0.date,
        e1_0.description,
        e1_0.user_id 
    from
        expenses e1_0 
    where
        e1_0.budget_id=?
Hibernate: 
    select
        e1_0.budget_id,
        e1_0.id,
        e1_0.amount,
        e1_0.date,
        e1_0.description,
        e1_0.user_id 
    from
        expenses e1_0 
    where
        e1_0.budget_id=?
Hibernate: 
    select
        e1_0.budget_id,
        e1_0.id,
        e1_0.amount,
        e1_0.date,
        e1_0.description,
        e1_0.user_id 
    from
        expenses e1_0 
    where
        e1_0.budget_id=?
Hibernate: 
    select
        u1_0.id,
        u1_0.email,
        u1_0.google_uid,
        u1_0.name,
        u1_0.password 
    from
        users u1_0 
    where
        u1_0.email=?
Hibernate: 
    select
        u1_0.id,
        u1_0.email,
        u1_0.google_uid,
        u1_0.name,
        u1_0.password 
    from
        users u1_0 
    where
        u1_0.email=?
Hibernate: 
    select
        fe1_0.id,
        fe1_0.amount,
        fe1_0.category,
        fe1_0.due_day,
        fe1_0.name,
        fe1_0.recurring,
        fe1_0.user_id 
    from
        fixed_expenses fe1_0 
    left join
        users u1_0 
            on u1_0.id=fe1_0.user_id 
    where
        u1_0.email=?
Hibernate: 
    select
        u1_0.id,
        u1_0.email,
        u1_0.google_uid,
        u1_0.name,
        u1_0.password 
    from
        users u1_0 
    where
        u1_0.email=?
Hibernate: 
    select
        i1_0.id,
        i1_0.amount,
        i1_0.name,
        i1_0.received_date,
        i1_0.recurring,
        i1_0.type,
        i1_0.user_id 
    from
        incomes i1_0 
    left join
        users u1_0 
            on u1_0.id=i1_0.user_id 
    where
        u1_0.email=?
Hibernate: 
    select
        b1_0.id,
        b1_0.amount,
        b1_0.icon,
        b1_0.month,
        b1_0.name,
        b1_0.user_id,
        b1_0.year 
    from
        budgets b1_0 
    where
        b1_0.user_id=?
Hibernate: 
    select
        e1_0.budget_id,
        e1_0.id,
        e1_0.amount,
        e1_0.date,
        e1_0.description,
        e1_0.user_id 
    from
        expenses e1_0 
    where
        e1_0.budget_id=?
Hibernate: 
    select
        e1_0.budget_id,
        e1_0.id,
        e1_0.amount,
        e1_0.date,
        e1_0.description,
        e1_0.user_id 
    from
        expenses e1_0 
    where
        e1_0.budget_id=?
Hibernate: 
    select
        e1_0.budget_id,
        e1_0.id,
        e1_0.amount,
        e1_0.date,
        e1_0.description,
        e1_0.user_id 
    from
        expenses e1_0 
    where
        e1_0.budget_id=?
Hibernate: 
    select
        e1_0.budget_id,
        e1_0.id,
        e1_0.amount,
        e1_0.date,
        e1_0.description,
        e1_0.user_id 
    from
        expenses e1_0 
    where
        e1_0.budget_id=?
Hibernate: 
    select
        e1_0.budget_id,
        e1_0.id,
        e1_0.amount,
        e1_0.date,
        e1_0.description,
        e1_0.user_id 
    from
        expenses e1_0 
    where
        e1_0.budget_id=?
Hibernate: 
    select
        u1_0.id,
        u1_0.email,
        u1_0.google_uid,
        u1_0.name,
        u1_0.password 
    from
        users u1_0 
    where
        u1_0.id=?
Hibernate: 
    update
        users 
    set
        email=?,
        google_uid=?,
        name=?,
        password=? 
    where
        id=?
Hibernate: 
    select
        u1_0.id,
        u1_0.email,
        u1_0.google_uid,
        u1_0.name,
        u1_0.password 
    from
        users u1_0 
    where
        u1_0.email=?
Hibernate: 
    select
        u1_0.id,
        u1_0.email,
        u1_0.google_uid,
        u1_0.name,
        u1_0.password 
    from
        users u1_0 
    where
        u1_0.email=?
Hibernate: 
    select
        u1_0.id,
        u1_0.email,
        u1_0.google_uid,
        u1_0.name,
        u1_0.password 
    from
        users u1_0 
    where
        u1_0.email=?
Hibernate: 
    select
        fe1_0.id,
        fe1_0.amount,
        fe1_0.category,
        fe1_0.due_day,
        fe1_0.name,
        fe1_0.recurring,
        fe1_0.user_id 
    from
        fixed_expenses fe1_0 
    left join
        users u1_0 
            on u1_0.id=fe1_0.user_id 
    where
        u1_0.email=?
Hibernate: 
    select
        b1_0.id,
        b1_0.amount,
        b1_0.icon,
        b1_0.month,
        b1_0.name,
        b1_0.user_id,
        b1_0.year 
    from
        budgets b1_0 
    where
        b1_0.user_id=?
Hibernate: 
    select
        i1_0.id,
        i1_0.amount,
        i1_0.name,
        i1_0.received_date,
        i1_0.recurring,
        i1_0.type,
        i1_0.user_id 
    from
        incomes i1_0 
    left join
        users u1_0 
            on u1_0.id=i1_0.user_id 
    where
        u1_0.email=?
Hibernate: 
    select
        e1_0.budget_id,
        e1_0.id,
        e1_0.amount,
        e1_0.date,
        e1_0.description,
        e1_0.user_id 
    from
        expenses e1_0 
    where
        e1_0.budget_id=?
Hibernate: 
    select
        e1_0.budget_id,
        e1_0.id,
        e1_0.amount,
        e1_0.date,
        e1_0.description,
        e1_0.user_id 
    from
        expenses e1_0 
    where
        e1_0.budget_id=?
Hibernate: 
    select
        e1_0.budget_id,
        e1_0.id,
        e1_0.amount,
        e1_0.date,
        e1_0.description,
        e1_0.user_id 
    from
        expenses e1_0 
    where
        e1_0.budget_id=?
Hibernate: 
    select
        e1_0.budget_id,
        e1_0.id,
        e1_0.amount,
        e1_0.date,
        e1_0.description,
        e1_0.user_id 
    from
        expenses e1_0 
    where
        e1_0.budget_id=?
Hibernate: 
    select
        e1_0.budget_id,
        e1_0.id,
        e1_0.amount,
        e1_0.date,
        e1_0.description,
        e1_0.user_id 
    from
        expenses e1_0 
    where
        e1_0.budget_id=?
Hibernate: 
    select
        u1_0.id,
        u1_0.email,
        u1_0.google_uid,
        u1_0.name,
        u1_0.password 
    from
        users u1_0 
    where
        u1_0.email=?
Hibernate: 
    select
        u1_0.id,
        u1_0.email,
        u1_0.google_uid,
        u1_0.name,
        u1_0.password 
    from
        users u1_0 
    where
        u1_0.email=?
Hibernate: 
    select
        i1_0.id,
        i1_0.amount,
        i1_0.name,
        i1_0.received_date,
        i1_0.recurring,
        i1_0.type,
        i1_0.user_id 
    from
        incomes i1_0 
    left join
        users u1_0 
            on u1_0.id=i1_0.user_id 
    where
        u1_0.email=?
Hibernate: 
    select
        fe1_0.id,
        fe1_0.amount,
        fe1_0.category,
        fe1_0.due_day,
        fe1_0.name,
        fe1_0.recurring,
        fe1_0.user_id 
    from
        fixed_expenses fe1_0 
    left join
        users u1_0 
            on u1_0.id=fe1_0.user_id 
    where
        u1_0.email=?
Hibernate: 
    select
        u1_0.id,
        u1_0.email,
        u1_0.google_uid,
        u1_0.name,
        u1_0.password 
    from
        users u1_0 
    where
        u1_0.email=?
Hibernate: 
    select
        b1_0.id,
        b1_0.amount,
        b1_0.icon,
        b1_0.month,
        b1_0.name,
        b1_0.user_id,
        b1_0.year 
    from
        budgets b1_0 
    where
        b1_0.user_id=?
Hibernate: 
    select
        e1_0.budget_id,
        e1_0.id,
        e1_0.amount,
        e1_0.date,
        e1_0.description,
        e1_0.user_id 
    from
        expenses e1_0 
    where
        e1_0.budget_id=?
Hibernate: 
    select
        e1_0.budget_id,
        e1_0.id,
        e1_0.amount,
        e1_0.date,
        e1_0.description,
        e1_0.user_id 
    from
        expenses e1_0 
    where
        e1_0.budget_id=?
Hibernate: 
    select
        e1_0.budget_id,
        e1_0.id,
        e1_0.amount,
        e1_0.date,
        e1_0.description,
        e1_0.user_id 
    from
        expenses e1_0 
    where
        e1_0.budget_id=?
Hibernate: 
    select
        e1_0.budget_id,
        e1_0.id,
        e1_0.amount,
        e1_0.date,
        e1_0.description,
        e1_0.user_id 
    from
        expenses e1_0 
    where
        e1_0.budget_id=?
Hibernate: 
    select
        e1_0.budget_id,
        e1_0.id,
        e1_0.amount,
        e1_0.date,
        e1_0.description,
        e1_0.user_id 
    from
        expenses e1_0 
    where
        e1_0.budget_id=?
Hibernate: 
    select
        u1_0.id,
        u1_0.email,
        u1_0.google_uid,
        u1_0.name,
        u1_0.password 
    from
        users u1_0 
    where
        u1_0.email=?
Hibernate: 
    select
        u1_0.id,
        u1_0.email,
        u1_0.google_uid,
        u1_0.name,
        u1_0.password 
    from
        users u1_0 
    where
        u1_0.email=?
Hibernate: 
    select
        u1_0.id,
        u1_0.email,
        u1_0.google_uid,
        u1_0.name,
        u1_0.password 
    from
        users u1_0 
    where
        u1_0.email=?
Hibernate: 
    select
        u1_0.id,
        u1_0.email,
        u1_0.google_uid,
        u1_0.name,
        u1_0.password 
    from
        users u1_0 
    where
        u1_0.email=?
Hibernate: 
    select
        i1_0.id,
        i1_0.amount,
        i1_0.name,
        i1_0.received_date,
        i1_0.recurring,
        i1_0.type,
        i1_0.user_id 
    from
        incomes i1_0 
    left join
        users u1_0 
            on u1_0.id=i1_0.user_id 
    where
        u1_0.email=?
Hibernate: 
    select
        b1_0.id,
        b1_0.amount,
        b1_0.icon,
        b1_0.month,
        b1_0.name,
        b1_0.user_id,
        b1_0.year 
    from
        budgets b1_0 
    where
        b1_0.user_id=?
Hibernate: 
    select
        e1_0.budget_id,
        e1_0.id,
        e1_0.amount,
        e1_0.date,
        e1_0.description,
        e1_0.user_id 
    from
        expenses e1_0 
    where
        e1_0.budget_id=?
Hibernate: 
    select
        fe1_0.id,
        fe1_0.amount,
        fe1_0.category,
        fe1_0.due_day,
        fe1_0.name,
        fe1_0.recurring,
        fe1_0.user_id 
    from
        fixed_expenses fe1_0 
    left join
        users u1_0 
            on u1_0.id=fe1_0.user_id 
    where
        u1_0.email=?
Hibernate: 
    select
        e1_0.budget_id,
        e1_0.id,
        e1_0.amount,
        e1_0.date,
        e1_0.description,
        e1_0.user_id 
    from
        expenses e1_0 
    where
        e1_0.budget_id=?
Hibernate: 
    select
        e1_0.budget_id,
        e1_0.id,
        e1_0.amount,
        e1_0.date,
        e1_0.description,
        e1_0.user_id 
    from
        expenses e1_0 
    where
        e1_0.budget_id=?
Hibernate: 
    select
        e1_0.budget_id,
        e1_0.id,
        e1_0.amount,
        e1_0.date,
        e1_0.description,
        e1_0.user_id 
    from
        expenses e1_0 
    where
        e1_0.budget_id=?
Hibernate: 
    select
        u1_0.id,
        u1_0.email,
        u1_0.google_uid,
        u1_0.name,
        u1_0.password 
    from
        users u1_0 
    where
        u1_0.email=?
Hibernate: 
    select
        e1_0.budget_id,
        e1_0.id,
        e1_0.amount,
        e1_0.date,
        e1_0.description,
        e1_0.user_id 
    from
        expenses e1_0 
    where
        e1_0.budget_id=?
Hibernate: 
    select
        u1_0.id,
        u1_0.email,
        u1_0.google_uid,
        u1_0.name,
        u1_0.password 
    from
        users u1_0 
    where
        u1_0.email=?
Hibernate: 
    select
        i1_0.id,
        i1_0.amount,
        i1_0.name,
        i1_0.received_date,
        i1_0.recurring,
        i1_0.type,
        i1_0.user_id 
    from
        incomes i1_0 
    left join
        users u1_0 
            on u1_0.id=i1_0.user_id 
    where
        u1_0.email=?
Hibernate: 
    select
        fe1_0.id,
        fe1_0.amount,
        fe1_0.category,
        fe1_0.due_day,
        fe1_0.name,
        fe1_0.recurring,
        fe1_0.user_id 
    from
        fixed_expenses fe1_0 
    left join
        users u1_0 
            on u1_0.id=fe1_0.user_id 
    where
        u1_0.email=?
Hibernate: 
    select
        u1_0.id,
        u1_0.email,
        u1_0.google_uid,
        u1_0.name,
        u1_0.password 
    from
        users u1_0 
    where
        u1_0.email=?
Hibernate: 
    select
        b1_0.id,
        b1_0.amount,
        b1_0.icon,
        b1_0.month,
        b1_0.name,
        b1_0.user_id,
        b1_0.year 
    from
        budgets b1_0 
    where
        b1_0.user_id=?
Hibernate: 
    select
        e1_0.budget_id,
        e1_0.id,
        e1_0.amount,
        e1_0.date,
        e1_0.description,
        e1_0.user_id 
    from
        expenses e1_0 
    where
        e1_0.budget_id=?
Hibernate: 
    select
        e1_0.budget_id,
        e1_0.id,
        e1_0.amount,
        e1_0.date,
        e1_0.description,
        e1_0.user_id 
    from
        expenses e1_0 
    where
        e1_0.budget_id=?
Hibernate: 
    select
        e1_0.budget_id,
        e1_0.id,
        e1_0.amount,
        e1_0.date,
        e1_0.description,
        e1_0.user_id 
    from
        expenses e1_0 
    where
        e1_0.budget_id=?
Hibernate: 
    select
        e1_0.budget_id,
        e1_0.id,
        e1_0.amount,
        e1_0.date,
        e1_0.description,
        e1_0.user_id 
    from
        expenses e1_0 
    where
        e1_0.budget_id=?
Hibernate: 
    select
        e1_0.budget_id,
        e1_0.id,
        e1_0.amount,
        e1_0.date,
        e1_0.description,
        e1_0.user_id 
    from
        expenses e1_0 
    where
        e1_0.budget_id=?
Hibernate: 
    select
        u1_0.id,
        u1_0.email,
        u1_0.google_uid,
        u1_0.name,
        u1_0.password 
    from
        users u1_0 
    where
        u1_0.email=?
Hibernate: 
    select
        u1_0.id,
        u1_0.email,
        u1_0.google_uid,
        u1_0.name,
        u1_0.password 
    from
        users u1_0 
    where
        u1_0.email=?
Hibernate: 
    select
        u1_0.id,
        u1_0.email,
        u1_0.google_uid,
        u1_0.name,
        u1_0.password 
    from
        users u1_0 
    where
        u1_0.email=?
Hibernate: 
    select
        u1_0.id,
        u1_0.email,
        u1_0.google_uid,
        u1_0.name,
        u1_0.password 
    from
        users u1_0 
    where
        u1_0.email=?
Hibernate: 
    select
        i1_0.id,
        i1_0.amount,
        i1_0.name,
        i1_0.received_date,
        i1_0.recurring,
        i1_0.type,
        i1_0.user_id 
    from
        incomes i1_0 
    left join
        users u1_0 
            on u1_0.id=i1_0.user_id 
    where
        u1_0.email=?
Hibernate: 
    select
        b1_0.id,
        b1_0.amount,
        b1_0.icon,
        b1_0.month,
        b1_0.name,
        b1_0.user_id,
        b1_0.year 
    from
        budgets b1_0 
    where
        b1_0.user_id=?
Hibernate: 
    select
        fe1_0.id,
        fe1_0.amount,
        fe1_0.category,
        fe1_0.due_day,
        fe1_0.name,
        fe1_0.recurring,
        fe1_0.user_id 
    from
        fixed_expenses fe1_0 
    left join
        users u1_0 
            on u1_0.id=fe1_0.user_id 
    where
        u1_0.email=?
Hibernate: 
    select
        e1_0.budget_id,
        e1_0.id,
        e1_0.amount,
        e1_0.date,
        e1_0.description,
        e1_0.user_id 
    from
        expenses e1_0 
    where
        e1_0.budget_id=?
Hibernate: 
    select
        u1_0.id,
        u1_0.email,
        u1_0.google_uid,
        u1_0.name,
        u1_0.password 
    from
        users u1_0 
    where
        u1_0.email=?
Hibernate: 
    select
        e1_0.budget_id,
        e1_0.id,
        e1_0.amount,
        e1_0.date,
        e1_0.description,
        e1_0.user_id 
    from
        expenses e1_0 
    where
        e1_0.budget_id=?
Hibernate: 
    select
        u1_0.id,
        u1_0.email,
        u1_0.google_uid,
        u1_0.name,
        u1_0.password 
    from
        users u1_0 
    where
        u1_0.email=?
Hibernate: 
    select
        e1_0.budget_id,
        e1_0.id,
        e1_0.amount,
        e1_0.date,
        e1_0.description,
        e1_0.user_id 
    from
        expenses e1_0 
    where
        e1_0.budget_id=?
Hibernate: 
    select
        e1_0.budget_id,
        e1_0.id,
        e1_0.amount,
        e1_0.date,
        e1_0.description,
        e1_0.user_id 
    from
        expenses e1_0 
    where
        e1_0.budget_id=?
Hibernate: 
    select
        fe1_0.id,
        fe1_0.amount,
        fe1_0.category,
        fe1_0.due_day,
        fe1_0.name,
        fe1_0.recurring,
        fe1_0.user_id 
    from
        fixed_expenses fe1_0 
    left join
        users u1_0 
            on u1_0.id=fe1_0.user_id 
    where
        u1_0.email=?
Hibernate: 
    select
        i1_0.id,
        i1_0.amount,
        i1_0.name,
        i1_0.received_date,
        i1_0.recurring,
        i1_0.type,
        i1_0.user_id 
    from
        incomes i1_0 
    left join
        users u1_0 
            on u1_0.id=i1_0.user_id 
    where
        u1_0.email=?
Hibernate: 
    select
        e1_0.budget_id,
        e1_0.id,
        e1_0.amount,
        e1_0.date,
        e1_0.description,
        e1_0.user_id 
    from
        expenses e1_0 
    where
        e1_0.budget_id=?
Hibernate: 
    select
        u1_0.id,
        u1_0.email,
        u1_0.google_uid,
        u1_0.name,
        u1_0.password 
    from
        users u1_0 
    where
        u1_0.email=?
Hibernate: 
    select
        b1_0.id,
        b1_0.amount,
        b1_0.icon,
        b1_0.month,
        b1_0.name,
        b1_0.user_id,
        b1_0.year 
    from
        budgets b1_0 
    where
        b1_0.user_id=?
Hibernate: 
    select
        e1_0.budget_id,
        e1_0.id,
        e1_0.amount,
        e1_0.date,
        e1_0.description,
        e1_0.user_id 
    from
        expenses e1_0 
    where
        e1_0.budget_id=?
Hibernate: 
    select
        e1_0.budget_id,
        e1_0.id,
        e1_0.amount,
        e1_0.date,
        e1_0.description,
        e1_0.user_id 
    from
        expenses e1_0 
    where
        e1_0.budget_id=?
Hibernate: 
    select
        e1_0.budget_id,
        e1_0.id,
        e1_0.amount,
        e1_0.date,
        e1_0.description,
        e1_0.user_id 
    from
        expenses e1_0 
    where
        e1_0.budget_id=?
Hibernate: 
    select
        e1_0.budget_id,
        e1_0.id,
        e1_0.amount,
        e1_0.date,
        e1_0.description,
        e1_0.user_id 
    from
        expenses e1_0 
    where
        e1_0.budget_id=?
Hibernate: 
    select
        e1_0.budget_id,
        e1_0.id,
        e1_0.amount,
        e1_0.date,
        e1_0.description,
        e1_0.user_id 
    from
        expenses e1_0 
    where
        e1_0.budget_id=?
Hibernate: 
    select
        u1_0.id,
        u1_0.email,
        u1_0.google_uid,
        u1_0.name,
        u1_0.password 
    from
        users u1_0 
    where
        u1_0.id=?
Hibernate: 
    update
        users 
    set
        email=?,
        google_uid=?,
        name=?,
        password=? 
    where
        id=?
Hibernate: 
    select
        u1_0.id,
        u1_0.email,
        u1_0.google_uid,
        u1_0.name,
        u1_0.password 
    from
        users u1_0 
    where
        u1_0.email=?
Hibernate: 
    select
        u1_0.id,
        u1_0.email,
        u1_0.google_uid,
        u1_0.name,
        u1_0.password 
    from
        users u1_0 
    where
        u1_0.email=?
Hibernate: 
    select
        u1_0.id,
        u1_0.email,
        u1_0.google_uid,
        u1_0.name,
        u1_0.password 
    from
        users u1_0 
    where
        u1_0.email=?
Hibernate: 
    select
        i1_0.id,
        i1_0.amount,
        i1_0.name,
        i1_0.received_date,
        i1_0.recurring,
        i1_0.type,
        i1_0.user_id 
    from
        incomes i1_0 
    left join
        users u1_0 
            on u1_0.id=i1_0.user_id 
    where
        u1_0.email=?
Hibernate: 
    select
        b1_0.id,
        b1_0.amount,
        b1_0.icon,
        b1_0.month,
        b1_0.name,
        b1_0.user_id,
        b1_0.year 
    from
        budgets b1_0 
    where
        b1_0.user_id=?
Hibernate: 
    select
        fe1_0.id,
        fe1_0.amount,
        fe1_0.category,
        fe1_0.due_day,
        fe1_0.name,
        fe1_0.recurring,
        fe1_0.user_id 
    from
        fixed_expenses fe1_0 
    left join
        users u1_0 
            on u1_0.id=fe1_0.user_id 
    where
        u1_0.email=?
Hibernate: 
    select
        e1_0.budget_id,
        e1_0.id,
        e1_0.amount,
        e1_0.date,
        e1_0.description,
        e1_0.user_id 
    from
        expenses e1_0 
    where
        e1_0.budget_id=?
Hibernate: 
    select
        e1_0.budget_id,
        e1_0.id,
        e1_0.amount,
        e1_0.date,
        e1_0.description,
        e1_0.user_id 
    from
        expenses e1_0 
    where
        e1_0.budget_id=?
Hibernate: 
    select
        e1_0.budget_id,
        e1_0.id,
        e1_0.amount,
        e1_0.date,
        e1_0.description,
        e1_0.user_id 
    from
        expenses e1_0 
    where
        e1_0.budget_id=?
Hibernate: 
    select
        e1_0.budget_id,
        e1_0.id,
        e1_0.amount,
        e1_0.date,
        e1_0.description,
        e1_0.user_id 
    from
        expenses e1_0 
    where
        e1_0.budget_id=?
Hibernate: 
    select
        e1_0.budget_id,
        e1_0.id,
        e1_0.amount,
        e1_0.date,
        e1_0.description,
        e1_0.user_id 
    from
        expenses e1_0 
    where
        e1_0.budget_id=?
Hibernate: 
    select
        u1_0.id,
        u1_0.email,
        u1_0.google_uid,
        u1_0.name,
        u1_0.password 
    from
        users u1_0 
    where
        u1_0.email=?
Hibernate: 
    select
        b1_0.id,
        b1_0.amount,
        b1_0.icon,
        b1_0.month,
        b1_0.name,
        b1_0.user_id,
        b1_0.year 
    from
        budgets b1_0 
    where
        b1_0.user_id=?
Hibernate: 
    select
        e1_0.budget_id,
        e1_0.id,
        e1_0.amount,
        e1_0.date,
        e1_0.description,
        e1_0.user_id 
    from
        expenses e1_0 
    where
        e1_0.budget_id=?
Hibernate: 
    select
        e1_0.budget_id,
        e1_0.id,
        e1_0.amount,
        e1_0.date,
        e1_0.description,
        e1_0.user_id 
    from
        expenses e1_0 
    where
        e1_0.budget_id=?
Hibernate: 
    select
        e1_0.budget_id,
        e1_0.id,
        e1_0.amount,
        e1_0.date,
        e1_0.description,
        e1_0.user_id 
    from
        expenses e1_0 
    where
        e1_0.budget_id=?
Hibernate: 
    select
        e1_0.budget_id,
        e1_0.id,
        e1_0.amount,
        e1_0.date,
        e1_0.description,
        e1_0.user_id 
    from
        expenses e1_0 
    where
        e1_0.budget_id=?
Hibernate: 
    select
        u1_0.id,
        u1_0.email,
        u1_0.google_uid,
        u1_0.name,
        u1_0.password 
    from
        users u1_0 
    where
        u1_0.email=?
Hibernate: 
    select
        u1_0.id,
        u1_0.email,
        u1_0.google_uid,
        u1_0.name,
        u1_0.password 
    from
        users u1_0 
    where
        u1_0.email=?
Hibernate: 
    select
        e1_0.budget_id,
        e1_0.id,
        e1_0.amount,
        e1_0.date,
        e1_0.description,
        e1_0.user_id 
    from
        expenses e1_0 
    where
        e1_0.budget_id=?
Hibernate: 
    select
        fe1_0.id,
        fe1_0.amount,
        fe1_0.category,
        fe1_0.due_day,
        fe1_0.name,
        fe1_0.recurring,
        fe1_0.user_id 
    from
        fixed_expenses fe1_0 
    left join
        users u1_0 
            on u1_0.id=fe1_0.user_id 
    where
        u1_0.email=?
Hibernate: 
    select
        i1_0.id,
        i1_0.amount,
        i1_0.name,
        i1_0.received_date,
        i1_0.recurring,
        i1_0.type,
        i1_0.user_id 
    from
        incomes i1_0 
    left join
        users u1_0 
            on u1_0.id=i1_0.user_id 
    where
        u1_0.email=?
Hibernate: 
    select
        u1_0.id,
        u1_0.email,
        u1_0.google_uid,
        u1_0.name,
        u1_0.password 
    from
        users u1_0 
    where
        u1_0.id=?
Hibernate: 
    update
        users 
    set
        email=?,
        google_uid=?,
        name=?,
        password=? 
    where
        id=?
Hibernate: 
    select
        u1_0.id,
        u1_0.email,
        u1_0.google_uid,
        u1_0.name,
        u1_0.password 
    from
        users u1_0 
    where
        u1_0.email=?
Hibernate: 
    select
        b1_0.id,
        b1_0.amount,
        b1_0.icon,
        b1_0.month,
        b1_0.name,
        b1_0.user_id,
        b1_0.year 
    from
        budgets b1_0 
    where
        b1_0.user_id=?
Hibernate: 
    select
        e1_0.budget_id,
        e1_0.id,
        e1_0.amount,
        e1_0.date,
        e1_0.description,
        e1_0.user_id 
    from
        expenses e1_0 
    where
        e1_0.budget_id=?
Hibernate: 
    select
        u1_0.id,
        u1_0.email,
        u1_0.google_uid,
        u1_0.name,
        u1_0.password 
    from
        users u1_0 
    where
        u1_0.email=?
Hibernate: 
    select
        u1_0.id,
        u1_0.email,
        u1_0.google_uid,
        u1_0.name,
        u1_0.password 
    from
        users u1_0 
    where
        u1_0.email=?
Hibernate: 
    select
        e1_0.budget_id,
        e1_0.id,
        e1_0.amount,
        e1_0.date,
        e1_0.description,
        e1_0.user_id 
    from
        expenses e1_0 
    where
        e1_0.budget_id=?
Hibernate: 
    select
        e1_0.budget_id,
        e1_0.id,
        e1_0.amount,
        e1_0.date,
        e1_0.description,
        e1_0.user_id 
    from
        expenses e1_0 
    where
        e1_0.budget_id=?
Hibernate: 
    select
        i1_0.id,
        i1_0.amount,
        i1_0.name,
        i1_0.received_date,
        i1_0.recurring,
        i1_0.type,
        i1_0.user_id 
    from
        incomes i1_0 
    left join
        users u1_0 
            on u1_0.id=i1_0.user_id 
    where
        u1_0.email=?
Hibernate: 
    select
        fe1_0.id,
        fe1_0.amount,
        fe1_0.category,
        fe1_0.due_day,
        fe1_0.name,
        fe1_0.recurring,
        fe1_0.user_id 
    from
        fixed_expenses fe1_0 
    left join
        users u1_0 
            on u1_0.id=fe1_0.user_id 
    where
        u1_0.email=?
Hibernate: 
    select
        e1_0.budget_id,
        e1_0.id,
        e1_0.amount,
        e1_0.date,
        e1_0.description,
        e1_0.user_id 
    from
        expenses e1_0 
    where
        e1_0.budget_id=?
Hibernate: 
    select
        e1_0.budget_id,
        e1_0.id,
        e1_0.amount,
        e1_0.date,
        e1_0.description,
        e1_0.user_id 
    from
        expenses e1_0 
    where
        e1_0.budget_id=?
Hibernate: 
    select
        u1_0.id,
        u1_0.email,
        u1_0.google_uid,
        u1_0.name,
        u1_0.password 
    from
        users u1_0 
    where
        u1_0.email=?
Hibernate: 
    select
        fe1_0.id,
        fe1_0.amount,
        fe1_0.category,
        fe1_0.due_day,
        fe1_0.name,
        fe1_0.recurring,
        fe1_0.user_id 
    from
        fixed_expenses fe1_0 
    left join
        users u1_0 
            on u1_0.id=fe1_0.user_id 
    where
        u1_0.email=?
Hibernate: 
    select
        u1_0.id,
        u1_0.email,
        u1_0.google_uid,
        u1_0.name,
        u1_0.password 
    from
        users u1_0 
    where
        u1_0.email=?
Hibernate: 
    select
        i1_0.id,
        i1_0.amount,
        i1_0.name,
        i1_0.received_date,
        i1_0.recurring,
        i1_0.type,
        i1_0.user_id 
    from
        incomes i1_0 
    left join
        users u1_0 
            on u1_0.id=i1_0.user_id 
    where
        u1_0.email=?
Hibernate: 
    select
        u1_0.id,
        u1_0.email,
        u1_0.google_uid,
        u1_0.name,
        u1_0.password 
    from
        users u1_0 
    where
        u1_0.email=?
Hibernate: 
    select
        b1_0.id,
        b1_0.amount,
        b1_0.icon,
        b1_0.month,
        b1_0.name,
        b1_0.user_id,
        b1_0.year 
    from
        budgets b1_0 
    where
        b1_0.user_id=?
Hibernate: 
    select
        e1_0.budget_id,
        e1_0.id,
        e1_0.amount,
        e1_0.date,
        e1_0.description,
        e1_0.user_id 
    from
        expenses e1_0 
    where
        e1_0.budget_id=?
Hibernate: 
    select
        e1_0.budget_id,
        e1_0.id,
        e1_0.amount,
        e1_0.date,
        e1_0.description,
        e1_0.user_id 
    from
        expenses e1_0 
    where
        e1_0.budget_id=?
Hibernate: 
    select
        e1_0.budget_id,
        e1_0.id,
        e1_0.amount,
        e1_0.date,
        e1_0.description,
        e1_0.user_id 
    from
        expenses e1_0 
    where
        e1_0.budget_id=?
Hibernate: 
    select
        e1_0.budget_id,
        e1_0.id,
        e1_0.amount,
        e1_0.date,
        e1_0.description,
        e1_0.user_id 
    from
        expenses e1_0 
    where
        e1_0.budget_id=?
Hibernate: 
    select
        e1_0.budget_id,
        e1_0.id,
        e1_0.amount,
        e1_0.date,
        e1_0.description,
        e1_0.user_id 
    from
        expenses e1_0 
    where
        e1_0.budget_id=?
Hibernate: 
    select
        u1_0.id,
        u1_0.email,
        u1_0.google_uid,
        u1_0.name,
        u1_0.password 
    from
        users u1_0 
    where
        u1_0.email=?
Hibernate: 
    select
        i1_0.id,
        i1_0.amount,
        i1_0.name,
        i1_0.received_date,
        i1_0.recurring,
        i1_0.type,
        i1_0.user_id 
    from
        incomes i1_0 
    left join
        users u1_0 
            on u1_0.id=i1_0.user_id 
    where
        u1_0.email=?
Hibernate: 
    select
        u1_0.id,
        u1_0.email,
        u1_0.google_uid,
        u1_0.name,
        u1_0.password 
    from
        users u1_0 
    where
        u1_0.email=?
Hibernate: 
    select
        i1_0.id,
        i1_0.amount,
        i1_0.name,
        i1_0.received_date,
        i1_0.recurring,
        i1_0.type,
        i1_0.user_id 
    from
        incomes i1_0 
    left join
        users u1_0 
            on u1_0.id=i1_0.user_id 
    where
        u1_0.email=?
Hibernate: 
    select
        u1_0.id,
        u1_0.email,
        u1_0.google_uid,
        u1_0.name,
        u1_0.password 
    from
        users u1_0 
    where
        u1_0.email=?
Hibernate: 
    select
        b1_0.id,
        b1_0.amount,
        b1_0.icon,
        b1_0.month,
        b1_0.name,
        b1_0.user_id,
        b1_0.year 
    from
        budgets b1_0 
    where
        b1_0.user_id=?
Hibernate: 
    select
        e1_0.budget_id,
        e1_0.id,
        e1_0.amount,
        e1_0.date,
        e1_0.description,
        e1_0.user_id 
    from
        expenses e1_0 
    where
        e1_0.budget_id=?
Hibernate: 
    select
        e1_0.budget_id,
        e1_0.id,
        e1_0.amount,
        e1_0.date,
        e1_0.description,
        e1_0.user_id 
    from
        expenses e1_0 
    where
        e1_0.budget_id=?
Hibernate: 
    select
        e1_0.budget_id,
        e1_0.id,
        e1_0.amount,
        e1_0.date,
        e1_0.description,
        e1_0.user_id 
    from
        expenses e1_0 
    where
        e1_0.budget_id=?
Hibernate: 
    select
        e1_0.budget_id,
        e1_0.id,
        e1_0.amount,
        e1_0.date,
        e1_0.description,
        e1_0.user_id 
    from
        expenses e1_0 
    where
        e1_0.budget_id=?
Hibernate: 
    select
        e1_0.budget_id,
        e1_0.id,
        e1_0.amount,
        e1_0.date,
        e1_0.description,
        e1_0.user_id 
    from
        expenses e1_0 
    where
        e1_0.budget_id=?
Hibernate: 
    select
        u1_0.id,
        u1_0.email,
        u1_0.google_uid,
        u1_0.name,
        u1_0.password 
    from
        users u1_0 
    where
        u1_0.email=?
Hibernate: 
    select
        b1_0.id,
        b1_0.amount,
        b1_0.icon,
        b1_0.month,
        b1_0.name,
        b1_0.user_id,
        b1_0.year 
    from
        budgets b1_0 
    where
        b1_0.user_id=?
Hibernate: 
    select
        e1_0.budget_id,
        e1_0.id,
        e1_0.amount,
        e1_0.date,
        e1_0.description,
        e1_0.user_id 
    from
        expenses e1_0 
    where
        e1_0.budget_id=?
Hibernate: 
    select
        e1_0.budget_id,
        e1_0.id,
        e1_0.amount,
        e1_0.date,
        e1_0.description,
        e1_0.user_id 
    from
        expenses e1_0 
    where
        e1_0.budget_id=?
Hibernate: 
    select
        e1_0.budget_id,
        e1_0.id,
        e1_0.amount,
        e1_0.date,
        e1_0.description,
        e1_0.user_id 
    from
        expenses e1_0 
    where
        e1_0.budget_id=?
Hibernate: 
    select
        e1_0.budget_id,
        e1_0.id,
        e1_0.amount,
        e1_0.date,
        e1_0.description,
        e1_0.user_id 
    from
        expenses e1_0 
    where
        e1_0.budget_id=?
Hibernate: 
    select
        e1_0.budget_id,
        e1_0.id,
        e1_0.amount,
        e1_0.date,
        e1_0.description,
        e1_0.user_id 
    from
        expenses e1_0 
    where
        e1_0.budget_id=?
Hibernate: 
    select
        u1_0.id,
        u1_0.email,
        u1_0.google_uid,
        u1_0.name,
        u1_0.password 
    from
        users u1_0 
    where
        u1_0.email=?
Hibernate: 
    select
        fe1_0.id,
        fe1_0.amount,
        fe1_0.category,
        fe1_0.due_day,
        fe1_0.name,
        fe1_0.recurring,
        fe1_0.user_id 
    from
        fixed_expenses fe1_0 
    left join
        users u1_0 
            on u1_0.id=fe1_0.user_id 
    where
        u1_0.email=?
Hibernate: 
    select
        u1_0.id,
        u1_0.email,
        u1_0.google_uid,
        u1_0.name,
        u1_0.password 
    from
        users u1_0 
    where
        u1_0.email=?
Hibernate: 
    select
        fe1_0.id,
        fe1_0.amount,
        fe1_0.category,
        fe1_0.due_day,
        fe1_0.name,
        fe1_0.recurring,
        fe1_0.user_id 
    from
        fixed_expenses fe1_0 
    left join
        users u1_0 
            on u1_0.id=fe1_0.user_id 
    where
        u1_0.email=?
Hibernate: 
    select
        u1_0.id,
        u1_0.email,
        u1_0.google_uid,
        u1_0.name,
        u1_0.password 
    from
        users u1_0 
    where
        u1_0.email=?
Hibernate: 
    select
        e1_0.id,
        e1_0.amount,
        e1_0.budget_id,
        e1_0.date,
        e1_0.description,
        e1_0.user_id 
    from
        expenses e1_0 
    left join
        users u1_0 
            on u1_0.id=e1_0.user_id 
    where
        u1_0.email=?
Hibernate: 
    select
        b1_0.id,
        b1_0.amount,
        b1_0.icon,
        b1_0.month,
        b1_0.name,
        b1_0.user_id,
        b1_0.year 
    from
        budgets b1_0 
    where
        b1_0.id=?
Hibernate: 
    select
        b1_0.id,
        b1_0.amount,
        b1_0.icon,
        b1_0.month,
        b1_0.name,
        b1_0.user_id,
        b1_0.year 
    from
        budgets b1_0 
    where
        b1_0.id=?
Hibernate: 
    select
        b1_0.id,
        b1_0.amount,
        b1_0.icon,
        b1_0.month,
        b1_0.name,
        b1_0.user_id,
        b1_0.year 
    from
        budgets b1_0 
    where
        b1_0.id=?
Hibernate: 
    select
        b1_0.id,
        b1_0.amount,
        b1_0.icon,
        b1_0.month,
        b1_0.name,
        b1_0.user_id,
        b1_0.year 
    from
        budgets b1_0 
    where
        b1_0.id=?
Hibernate: 
    select
        b1_0.id,
        b1_0.amount,
        b1_0.icon,
        b1_0.month,
        b1_0.name,
        b1_0.user_id,
        b1_0.year 
    from
        budgets b1_0 
    where
        b1_0.id=?
Hibernate: 
    select
        u1_0.id,
        u1_0.email,
        u1_0.google_uid,
        u1_0.name,
        u1_0.password 
    from
        users u1_0 
    where
        u1_0.email=?
Hibernate: 
    select
        e1_0.id,
        e1_0.amount,
        e1_0.budget_id,
        e1_0.date,
        e1_0.description,
        e1_0.user_id 
    from
        expenses e1_0 
    left join
        users u1_0 
            on u1_0.id=e1_0.user_id 
    where
        u1_0.email=?
Hibernate: 
    select
        b1_0.id,
        b1_0.amount,
        b1_0.icon,
        b1_0.month,
        b1_0.name,
        b1_0.user_id,
        b1_0.year 
    from
        budgets b1_0 
    where
        b1_0.id=?
Hibernate: 
    select
        b1_0.id,
        b1_0.amount,
        b1_0.icon,
        b1_0.month,
        b1_0.name,
        b1_0.user_id,
        b1_0.year 
    from
        budgets b1_0 
    where
        b1_0.id=?
Hibernate: 
    select
        b1_0.id,
        b1_0.amount,
        b1_0.icon,
        b1_0.month,
        b1_0.name,
        b1_0.user_id,
        b1_0.year 
    from
        budgets b1_0 
    where
        b1_0.id=?
Hibernate: 
    select
        b1_0.id,
        b1_0.amount,
        b1_0.icon,
        b1_0.month,
        b1_0.name,
        b1_0.user_id,
        b1_0.year 
    from
        budgets b1_0 
    where
        b1_0.id=?
Hibernate: 
    select
        b1_0.id,
        b1_0.amount,
        b1_0.icon,
        b1_0.month,
        b1_0.name,
        b1_0.user_id,
        b1_0.year 
    from
        budgets b1_0 
    where
        b1_0.id=?
Hibernate: 
    select
        u1_0.id,
        u1_0.email,
        u1_0.google_uid,
        u1_0.name,
        u1_0.password 
    from
        users u1_0 
    where
        u1_0.email=?
Hibernate: 
    select
        e1_0.id,
        e1_0.amount,
        e1_0.budget_id,
        e1_0.date,
        e1_0.description,
        e1_0.user_id 
    from
        expenses e1_0 
    left join
        users u1_0 
            on u1_0.id=e1_0.user_id 
    where
        u1_0.email=?
Hibernate: 
    select
        b1_0.id,
        b1_0.amount,
        b1_0.icon,
        b1_0.month,
        b1_0.name,
        b1_0.user_id,
        b1_0.year 
    from
        budgets b1_0 
    where
        b1_0.id=?
Hibernate: 
    select
        b1_0.id,
        b1_0.amount,
        b1_0.icon,
        b1_0.month,
        b1_0.name,
        b1_0.user_id,
        b1_0.year 
    from
        budgets b1_0 
    where
        b1_0.id=?
Hibernate: 
    select
        b1_0.id,
        b1_0.amount,
        b1_0.icon,
        b1_0.month,
        b1_0.name,
        b1_0.user_id,
        b1_0.year 
    from
        budgets b1_0 
    where
        b1_0.id=?
Hibernate: 
    select
        b1_0.id,
        b1_0.amount,
        b1_0.icon,
        b1_0.month,
        b1_0.name,
        b1_0.user_id,
        b1_0.year 
    from
        budgets b1_0 
    where
        b1_0.id=?
Hibernate: 
    select
        b1_0.id,
        b1_0.amount,
        b1_0.icon,
        b1_0.month,
        b1_0.name,
        b1_0.user_id,
        b1_0.year 
    from
        budgets b1_0 
    where
        b1_0.id=?
Hibernate: 
    select
        u1_0.id,
        u1_0.email,
        u1_0.google_uid,
        u1_0.name,
        u1_0.password 
    from
        users u1_0 
    where
        u1_0.email=?
Hibernate: 
    select
        e1_0.id,
        e1_0.amount,
        e1_0.budget_id,
        e1_0.date,
        e1_0.description,
        e1_0.user_id 
    from
        expenses e1_0 
    left join
        users u1_0 
            on u1_0.id=e1_0.user_id 
    where
        u1_0.email=?
Hibernate: 
    select
        b1_0.id,
        b1_0.amount,
        b1_0.icon,
        b1_0.month,
        b1_0.name,
        b1_0.user_id,
        b1_0.year 
    from
        budgets b1_0 
    where
        b1_0.id=?
Hibernate: 
    select
        b1_0.id,
        b1_0.amount,
        b1_0.icon,
        b1_0.month,
        b1_0.name,
        b1_0.user_id,
        b1_0.year 
    from
        budgets b1_0 
    where
        b1_0.id=?
Hibernate: 
    select
        b1_0.id,
        b1_0.amount,
        b1_0.icon,
        b1_0.month,
        b1_0.name,
        b1_0.user_id,
        b1_0.year 
    from
        budgets b1_0 
    where
        b1_0.id=?
Hibernate: 
    select
        b1_0.id,
        b1_0.amount,
        b1_0.icon,
        b1_0.month,
        b1_0.name,
        b1_0.user_id,
        b1_0.year 
    from
        budgets b1_0 
    where
        b1_0.id=?
Hibernate: 
    select
        b1_0.id,
        b1_0.amount,
        b1_0.icon,
        b1_0.month,
        b1_0.name,
        b1_0.user_id,
        b1_0.year 
    from
        budgets b1_0 
    where
        b1_0.id=?
Hibernate: 
    select
        u1_0.id,
        u1_0.email,
        u1_0.google_uid,
        u1_0.name,
        u1_0.password 
    from
        users u1_0 
    where
        u1_0.email=?
Hibernate: 
    select
        e1_0.id,
        e1_0.amount,
        e1_0.budget_id,
        e1_0.date,
        e1_0.description,
        e1_0.user_id 
    from
        expenses e1_0 
    left join
        users u1_0 
            on u1_0.id=e1_0.user_id 
    where
        u1_0.email=?
Hibernate: 
    select
        b1_0.id,
        b1_0.amount,
        b1_0.icon,
        b1_0.month,
        b1_0.name,
        b1_0.user_id,
        b1_0.year 
    from
        budgets b1_0 
    where
        b1_0.id=?
Hibernate: 
    select
        b1_0.id,
        b1_0.amount,
        b1_0.icon,
        b1_0.month,
        b1_0.name,
        b1_0.user_id,
        b1_0.year 
    from
        budgets b1_0 
    where
        b1_0.id=?
Hibernate: 
    select
        b1_0.id,
        b1_0.amount,
        b1_0.icon,
        b1_0.month,
        b1_0.name,
        b1_0.user_id,
        b1_0.year 
    from
        budgets b1_0 
    where
        b1_0.id=?
Hibernate: 
    select
        b1_0.id,
        b1_0.amount,
        b1_0.icon,
        b1_0.month,
        b1_0.name,
        b1_0.user_id,
        b1_0.year 
    from
        budgets b1_0 
    where
        b1_0.id=?
Hibernate: 
    select
        b1_0.id,
        b1_0.amount,
        b1_0.icon,
        b1_0.month,
        b1_0.name,
        b1_0.user_id,
        b1_0.year 
    from
        budgets b1_0 
    where
        b1_0.id=?
Hibernate: 
    select
        u1_0.id,
        u1_0.email,
        u1_0.google_uid,
        u1_0.name,
        u1_0.password 
    from
        users u1_0 
    where
        u1_0.email=?
Hibernate: 
    select
        e1_0.id,
        e1_0.amount,
        e1_0.budget_id,
        e1_0.date,
        e1_0.description,
        e1_0.user_id 
    from
        expenses e1_0 
    left join
        users u1_0 
            on u1_0.id=e1_0.user_id 
    where
        u1_0.email=?
Hibernate: 
    select
        b1_0.id,
        b1_0.amount,
        b1_0.icon,
        b1_0.month,
        b1_0.name,
        b1_0.user_id,
        b1_0.year 
    from
        budgets b1_0 
    where
        b1_0.id=?
Hibernate: 
    select
        b1_0.id,
        b1_0.amount,
        b1_0.icon,
        b1_0.month,
        b1_0.name,
        b1_0.user_id,
        b1_0.year 
    from
        budgets b1_0 
    where
        b1_0.id=?
Hibernate: 
    select
        b1_0.id,
        b1_0.amount,
        b1_0.icon,
        b1_0.month,
        b1_0.name,
        b1_0.user_id,
        b1_0.year 
    from
        budgets b1_0 
    where
        b1_0.id=?
Hibernate: 
    select
        b1_0.id,
        b1_0.amount,
        b1_0.icon,
        b1_0.month,
        b1_0.name,
        b1_0.user_id,
        b1_0.year 
    from
        budgets b1_0 
    where
        b1_0.id=?
Hibernate: 
    select
        b1_0.id,
        b1_0.amount,
        b1_0.icon,
        b1_0.month,
        b1_0.name,
        b1_0.user_id,
        b1_0.year 
    from
        budgets b1_0 
    where
        b1_0.id=?
Hibernate: 
    select
        u1_0.id,
        u1_0.email,
        u1_0.google_uid,
        u1_0.name,
        u1_0.password 
    from
        users u1_0 
    where
        u1_0.email=?
Hibernate: 
    select
        i1_0.id,
        i1_0.amount,
        i1_0.name,
        i1_0.received_date,
        i1_0.recurring,
        i1_0.type,
        i1_0.user_id 
    from
        incomes i1_0 
    left join
        users u1_0 
            on u1_0.id=i1_0.user_id 
    where
        u1_0.email=?
Hibernate: 
    select
        u1_0.id,
        u1_0.email,
        u1_0.google_uid,
        u1_0.name,
        u1_0.password 
    from
        users u1_0 
    where
        u1_0.email=?
Hibernate: 
    select
        i1_0.id,
        i1_0.amount,
        i1_0.name,
        i1_0.received_date,
        i1_0.recurring,
        i1_0.type,
        i1_0.user_id 
    from
        incomes i1_0 
    left join
        users u1_0 
            on u1_0.id=i1_0.user_id 
    where
        u1_0.email=?
Hibernate: 
    select
        u1_0.id,
        u1_0.email,
        u1_0.google_uid,
        u1_0.name,
        u1_0.password 
    from
        users u1_0 
    where
        u1_0.email=?
Hibernate: 
    select
        i1_0.id,
        i1_0.amount,
        i1_0.name,
        i1_0.received_date,
        i1_0.recurring,
        i1_0.type,
        i1_0.user_id 
    from
        incomes i1_0 
    left join
        users u1_0 
            on u1_0.id=i1_0.user_id 
    where
        u1_0.email=?
Hibernate: 
    select
        u1_0.id,
        u1_0.email,
        u1_0.google_uid,
        u1_0.name,
        u1_0.password 
    from
        users u1_0 
    where
        u1_0.email=?
Hibernate: 
    select
        u1_0.id,
        u1_0.email,
        u1_0.google_uid,
        u1_0.name,
        u1_0.password 
    from
        users u1_0 
    where
        u1_0.email=?
Hibernate: 
    select
        b1_0.id,
        b1_0.amount,
        b1_0.icon,
        b1_0.month,
        b1_0.name,
        b1_0.user_id,
        b1_0.year 
    from
        budgets b1_0 
    where
        b1_0.user_id=?
Hibernate: 
    select
        fe1_0.id,
        fe1_0.amount,
        fe1_0.category,
        fe1_0.due_day,
        fe1_0.name,
        fe1_0.recurring,
        fe1_0.user_id 
    from
        fixed_expenses fe1_0 
    left join
        users u1_0 
            on u1_0.id=fe1_0.user_id 
    where
        u1_0.email=?
Hibernate: 
    select
        u1_0.id,
        u1_0.email,
        u1_0.google_uid,
        u1_0.name,
        u1_0.password 
    from
        users u1_0 
    where
        u1_0.email=?
Hibernate: 
    select
        e1_0.budget_id,
        e1_0.id,
        e1_0.amount,
        e1_0.date,
        e1_0.description,
        e1_0.user_id 
    from
        expenses e1_0 
    where
        e1_0.budget_id=?
Hibernate: 
    select
        e1_0.budget_id,
        e1_0.id,
        e1_0.amount,
        e1_0.date,
        e1_0.description,
        e1_0.user_id 
    from
        expenses e1_0 
    where
        e1_0.budget_id=?
Hibernate: 
    select
        i1_0.id,
        i1_0.amount,
        i1_0.name,
        i1_0.received_date,
        i1_0.recurring,
        i1_0.type,
        i1_0.user_id 
    from
        incomes i1_0 
    left join
        users u1_0 
            on u1_0.id=i1_0.user_id 
    where
        u1_0.email=?
Hibernate: 
    select
        e1_0.budget_id,
        e1_0.id,
        e1_0.amount,
        e1_0.date,
        e1_0.description,
        e1_0.user_id 
    from
        expenses e1_0 
    where
        e1_0.budget_id=?
Hibernate: 
    select
        e1_0.budget_id,
        e1_0.id,
        e1_0.amount,
        e1_0.date,
        e1_0.description,
        e1_0.user_id 
    from
        expenses e1_0 
    where
        e1_0.budget_id=?
Hibernate: 
    select
        u1_0.id,
        u1_0.email,
        u1_0.google_uid,
        u1_0.name,
        u1_0.password 
    from
        users u1_0 
    where
        u1_0.email=?
Hibernate: 
    select
        e1_0.budget_id,
        e1_0.id,
        e1_0.amount,
        e1_0.date,
        e1_0.description,
        e1_0.user_id 
    from
        expenses e1_0 
    where
        e1_0.budget_id=?
Hibernate: 
    select
        fe1_0.id,
        fe1_0.amount,
        fe1_0.category,
        fe1_0.due_day,
        fe1_0.name,
        fe1_0.recurring,
        fe1_0.user_id 
    from
        fixed_expenses fe1_0 
    left join
        users u1_0 
            on u1_0.id=fe1_0.user_id 
    where
        u1_0.email=?
Hibernate: 
    select
        u1_0.id,
        u1_0.email,
        u1_0.google_uid,
        u1_0.name,
        u1_0.password 
    from
        users u1_0 
    where
        u1_0.email=?
Hibernate: 
    select
        b1_0.id,
        b1_0.amount,
        b1_0.icon,
        b1_0.month,
        b1_0.name,
        b1_0.user_id,
        b1_0.year 
    from
        budgets b1_0 
    where
        b1_0.user_id=?
Hibernate: 
    select
        e1_0.budget_id,
        e1_0.id,
        e1_0.amount,
        e1_0.date,
        e1_0.description,
        e1_0.user_id 
    from
        expenses e1_0 
    where
        e1_0.budget_id=?
Hibernate: 
    select
        e1_0.budget_id,
        e1_0.id,
        e1_0.amount,
        e1_0.date,
        e1_0.description,
        e1_0.user_id 
    from
        expenses e1_0 
    where
        e1_0.budget_id=?
Hibernate: 
    select
        e1_0.budget_id,
        e1_0.id,
        e1_0.amount,
        e1_0.date,
        e1_0.description,
        e1_0.user_id 
    from
        expenses e1_0 
    where
        e1_0.budget_id=?
Hibernate: 
    select
        e1_0.budget_id,
        e1_0.id,
        e1_0.amount,
        e1_0.date,
        e1_0.description,
        e1_0.user_id 
    from
        expenses e1_0 
    where
        e1_0.budget_id=?
Hibernate: 
    select
        e1_0.budget_id,
        e1_0.id,
        e1_0.amount,
        e1_0.date,
        e1_0.description,
        e1_0.user_id 
    from
        expenses e1_0 
    where
        e1_0.budget_id=?
Hibernate: 
    select
        u1_0.id,
        u1_0.email,
        u1_0.google_uid,
        u1_0.name,
        u1_0.password 
    from
        users u1_0 
    where
        u1_0.email=?
Hibernate: 
    select
        i1_0.id,
        i1_0.amount,
        i1_0.name,
        i1_0.received_date,
        i1_0.recurring,
        i1_0.type,
        i1_0.user_id 
    from
        incomes i1_0 
    left join
        users u1_0 
            on u1_0.id=i1_0.user_id 
    where
        u1_0.email=?
Hibernate: 
    select
        u1_0.id,
        u1_0.email,
        u1_0.google_uid,
        u1_0.name,
        u1_0.password 
    from
        users u1_0 
    where
        u1_0.email=?
Hibernate: 
    select
        i1_0.id,
        i1_0.amount,
        i1_0.name,
        i1_0.received_date,
        i1_0.recurring,
        i1_0.type,
        i1_0.user_id 
    from
        incomes i1_0 
    left join
        users u1_0 
            on u1_0.id=i1_0.user_id 
    where
        u1_0.email=?
Hibernate: 
    select
        u1_0.id,
        u1_0.email,
        u1_0.google_uid,
        u1_0.name,
        u1_0.password 
    from
        users u1_0 
    where
        u1_0.email=?
Hibernate: 
    select
        b1_0.id,
        b1_0.amount,
        b1_0.icon,
        b1_0.month,
        b1_0.name,
        b1_0.user_id,
        b1_0.year 
    from
        budgets b1_0 
    where
        b1_0.user_id=?
Hibernate: 
    select
        e1_0.budget_id,
        e1_0.id,
        e1_0.amount,
        e1_0.date,
        e1_0.description,
        e1_0.user_id 
    from
        expenses e1_0 
    where
        e1_0.budget_id=?
Hibernate: 
    select
        e1_0.budget_id,
        e1_0.id,
        e1_0.amount,
        e1_0.date,
        e1_0.description,
        e1_0.user_id 
    from
        expenses e1_0 
    where
        e1_0.budget_id=?
Hibernate: 
    select
        e1_0.budget_id,
        e1_0.id,
        e1_0.amount,
        e1_0.date,
        e1_0.description,
        e1_0.user_id 
    from
        expenses e1_0 
    where
        e1_0.budget_id=?
Hibernate: 
    select
        e1_0.budget_id,
        e1_0.id,
        e1_0.amount,
        e1_0.date,
        e1_0.description,
        e1_0.user_id 
    from
        expenses e1_0 
    where
        e1_0.budget_id=?
Hibernate: 
    select
        e1_0.budget_id,
        e1_0.id,
        e1_0.amount,
        e1_0.date,
        e1_0.description,
        e1_0.user_id 
    from
        expenses e1_0 
    where
        e1_0.budget_id=?
Hibernate: 
    select
        u1_0.id,
        u1_0.email,
        u1_0.google_uid,
        u1_0.name,
        u1_0.password 
    from
        users u1_0 
    where
        u1_0.email=?
Hibernate: 
    select
        b1_0.id,
        b1_0.amount,
        b1_0.icon,
        b1_0.month,
        b1_0.name,
        b1_0.user_id,
        b1_0.year 
    from
        budgets b1_0 
    where
        b1_0.user_id=?
Hibernate: 
    select
        e1_0.budget_id,
        e1_0.id,
        e1_0.amount,
        e1_0.date,
        e1_0.description,
        e1_0.user_id 
    from
        expenses e1_0 
    where
        e1_0.budget_id=?
Hibernate: 
    select
        e1_0.budget_id,
        e1_0.id,
        e1_0.amount,
        e1_0.date,
        e1_0.description,
        e1_0.user_id 
    from
        expenses e1_0 
    where
        e1_0.budget_id=?
Hibernate: 
    select
        e1_0.budget_id,
        e1_0.id,
        e1_0.amount,
        e1_0.date,
        e1_0.description,
        e1_0.user_id 
    from
        expenses e1_0 
    where
        e1_0.budget_id=?
Hibernate: 
    select
        e1_0.budget_id,
        e1_0.id,
        e1_0.amount,
        e1_0.date,
        e1_0.description,
        e1_0.user_id 
    from
        expenses e1_0 
    where
        e1_0.budget_id=?
Hibernate: 
    select
        e1_0.budget_id,
        e1_0.id,
        e1_0.amount,
        e1_0.date,
        e1_0.description,
        e1_0.user_id 
    from
        expenses e1_0 
    where
        e1_0.budget_id=?
Hibernate: 
    select
        u1_0.id,
        u1_0.email,
        u1_0.google_uid,
        u1_0.name,
        u1_0.password 
    from
        users u1_0 
    where
        u1_0.email=?
Hibernate: 
    select
        fe1_0.id,
        fe1_0.amount,
        fe1_0.category,
        fe1_0.due_day,
        fe1_0.name,
        fe1_0.recurring,
        fe1_0.user_id 
    from
        fixed_expenses fe1_0 
    left join
        users u1_0 
            on u1_0.id=fe1_0.user_id 
    where
        u1_0.email=?
Hibernate: 
    select
        u1_0.id,
        u1_0.email,
        u1_0.google_uid,
        u1_0.name,
        u1_0.password 
    from
        users u1_0 
    where
        u1_0.email=?
Hibernate: 
    select
        fe1_0.id,
        fe1_0.amount,
        fe1_0.category,
        fe1_0.due_day,
        fe1_0.name,
        fe1_0.recurring,
        fe1_0.user_id 
    from
        fixed_expenses fe1_0 
    left join
        users u1_0 
            on u1_0.id=fe1_0.user_id 
    where
        u1_0.email=?
Hibernate: 
    select
        u1_0.id,
        u1_0.email,
        u1_0.google_uid,
        u1_0.name,
        u1_0.password 
    from
        users u1_0 
    where
        u1_0.email=?
Hibernate: 
    select
        e1_0.id,
        e1_0.amount,
        e1_0.budget_id,
        e1_0.date,
        e1_0.description,
        e1_0.user_id 
    from
        expenses e1_0 
    left join
        users u1_0 
            on u1_0.id=e1_0.user_id 
    where
        u1_0.email=?
Hibernate: 
    select
        b1_0.id,
        b1_0.amount,
        b1_0.icon,
        b1_0.month,
        b1_0.name,
        b1_0.user_id,
        b1_0.year 
    from
        budgets b1_0 
    where
        b1_0.id=?
Hibernate: 
    select
        b1_0.id,
        b1_0.amount,
        b1_0.icon,
        b1_0.month,
        b1_0.name,
        b1_0.user_id,
        b1_0.year 
    from
        budgets b1_0 
    where
        b1_0.id=?
Hibernate: 
    select
        b1_0.id,
        b1_0.amount,
        b1_0.icon,
        b1_0.month,
        b1_0.name,
        b1_0.user_id,
        b1_0.year 
    from
        budgets b1_0 
    where
        b1_0.id=?
Hibernate: 
    select
        b1_0.id,
        b1_0.amount,
        b1_0.icon,
        b1_0.month,
        b1_0.name,
        b1_0.user_id,
        b1_0.year 
    from
        budgets b1_0 
    where
        b1_0.id=?
Hibernate: 
    select
        b1_0.id,
        b1_0.amount,
        b1_0.icon,
        b1_0.month,
        b1_0.name,
        b1_0.user_id,
        b1_0.year 
    from
        budgets b1_0 
    where
        b1_0.id=?
Hibernate: 
    select
        u1_0.id,
        u1_0.email,
        u1_0.google_uid,
        u1_0.name,
        u1_0.password 
    from
        users u1_0 
    where
        u1_0.email=?
Hibernate: 
    select
        e1_0.id,
        e1_0.amount,
        e1_0.budget_id,
        e1_0.date,
        e1_0.description,
        e1_0.user_id 
    from
        expenses e1_0 
    left join
        users u1_0 
            on u1_0.id=e1_0.user_id 
    where
        u1_0.email=?
Hibernate: 
    select
        b1_0.id,
        b1_0.amount,
        b1_0.icon,
        b1_0.month,
        b1_0.name,
        b1_0.user_id,
        b1_0.year 
    from
        budgets b1_0 
    where
        b1_0.id=?
Hibernate: 
    select
        b1_0.id,
        b1_0.amount,
        b1_0.icon,
        b1_0.month,
        b1_0.name,
        b1_0.user_id,
        b1_0.year 
    from
        budgets b1_0 
    where
        b1_0.id=?
Hibernate: 
    select
        b1_0.id,
        b1_0.amount,
        b1_0.icon,
        b1_0.month,
        b1_0.name,
        b1_0.user_id,
        b1_0.year 
    from
        budgets b1_0 
    where
        b1_0.id=?
Hibernate: 
    select
        b1_0.id,
        b1_0.amount,
        b1_0.icon,
        b1_0.month,
        b1_0.name,
        b1_0.user_id,
        b1_0.year 
    from
        budgets b1_0 
    where
        b1_0.id=?
Hibernate: 
    select
        b1_0.id,
        b1_0.amount,
        b1_0.icon,
        b1_0.month,
        b1_0.name,
        b1_0.user_id,
        b1_0.year 
    from
        budgets b1_0 
    where
        b1_0.id=?
Hibernate: 
    select
        u1_0.id,
        u1_0.email,
        u1_0.google_uid,
        u1_0.name,
        u1_0.password 
    from
        users u1_0 
    where
        u1_0.email=?
Hibernate: 
    select
        fe1_0.id,
        fe1_0.amount,
        fe1_0.category,
        fe1_0.due_day,
        fe1_0.name,
        fe1_0.recurring,
        fe1_0.user_id 
    from
        fixed_expenses fe1_0 
    left join
        users u1_0 
            on u1_0.id=fe1_0.user_id 
    where
        u1_0.email=?
Hibernate: 
    select
        u1_0.id,
        u1_0.email,
        u1_0.google_uid,
        u1_0.name,
        u1_0.password 
    from
        users u1_0 
    where
        u1_0.email=?
Hibernate: 
    select
        fe1_0.id,
        fe1_0.amount,
        fe1_0.category,
        fe1_0.due_day,
        fe1_0.name,
        fe1_0.recurring,
        fe1_0.user_id 
    from
        fixed_expenses fe1_0 
    left join
        users u1_0 
            on u1_0.id=fe1_0.user_id 
    where
        u1_0.email=?
Hibernate: 
    select
        u1_0.id,
        u1_0.email,
        u1_0.google_uid,
        u1_0.name,
        u1_0.password 
    from
        users u1_0 
    where
        u1_0.email=?
Hibernate: 
    select
        e1_0.id,
        e1_0.amount,
        e1_0.budget_id,
        e1_0.date,
        e1_0.description,
        e1_0.user_id 
    from
        expenses e1_0 
    left join
        users u1_0 
            on u1_0.id=e1_0.user_id 
    where
        u1_0.email=?
Hibernate: 
    select
        b1_0.id,
        b1_0.amount,
        b1_0.icon,
        b1_0.month,
        b1_0.name,
        b1_0.user_id,
        b1_0.year 
    from
        budgets b1_0 
    where
        b1_0.id=?
Hibernate: 
    select
        b1_0.id,
        b1_0.amount,
        b1_0.icon,
        b1_0.month,
        b1_0.name,
        b1_0.user_id,
        b1_0.year 
    from
        budgets b1_0 
    where
        b1_0.id=?
Hibernate: 
    select
        b1_0.id,
        b1_0.amount,
        b1_0.icon,
        b1_0.month,
        b1_0.name,
        b1_0.user_id,
        b1_0.year 
    from
        budgets b1_0 
    where
        b1_0.id=?
Hibernate: 
    select
        b1_0.id,
        b1_0.amount,
        b1_0.icon,
        b1_0.month,
        b1_0.name,
        b1_0.user_id,
        b1_0.year 
    from
        budgets b1_0 
    where
        b1_0.id=?
Hibernate: 
    select
        b1_0.id,
        b1_0.amount,
        b1_0.icon,
        b1_0.month,
        b1_0.name,
        b1_0.user_id,
        b1_0.year 
    from
        budgets b1_0 
    where
        b1_0.id=?
Hibernate: 
    select
        u1_0.id,
        u1_0.email,
        u1_0.google_uid,
        u1_0.name,
        u1_0.password 
    from
        users u1_0 
    where
        u1_0.email=?
Hibernate: 
    select
        e1_0.id,
        e1_0.amount,
        e1_0.budget_id,
        e1_0.date,
        e1_0.description,
        e1_0.user_id 
    from
        expenses e1_0 
    left join
        users u1_0 
            on u1_0.id=e1_0.user_id 
    where
        u1_0.email=?
Hibernate: 
    select
        b1_0.id,
        b1_0.amount,
        b1_0.icon,
        b1_0.month,
        b1_0.name,
        b1_0.user_id,
        b1_0.year 
    from
        budgets b1_0 
    where
        b1_0.id=?
Hibernate: 
    select
        b1_0.id,
        b1_0.amount,
        b1_0.icon,
        b1_0.month,
        b1_0.name,
        b1_0.user_id,
        b1_0.year 
    from
        budgets b1_0 
    where
        b1_0.id=?
Hibernate: 
    select
        b1_0.id,
        b1_0.amount,
        b1_0.icon,
        b1_0.month,
        b1_0.name,
        b1_0.user_id,
        b1_0.year 
    from
        budgets b1_0 
    where
        b1_0.id=?
Hibernate: 
    select
        b1_0.id,
        b1_0.amount,
        b1_0.icon,
        b1_0.month,
        b1_0.name,
        b1_0.user_id,
        b1_0.year 
    from
        budgets b1_0 
    where
        b1_0.id=?
Hibernate: 
    select
        b1_0.id,
        b1_0.amount,
        b1_0.icon,
        b1_0.month,
        b1_0.name,
        b1_0.user_id,
        b1_0.year 
    from
        budgets b1_0 
    where
        b1_0.id=?
